country_code,country,native_name,seo_name,regions_count,users_count,wines_count,wineries_count,most_used_grapes,currency_code,currency_name,currency_prefix,currency_suffix
af,Afghanistan,افغانستان,afghanistan,0,6389,195,95,"[{'id': 2, 'name': 'Cabernet Sauvignon', 'seo_name': 'cabernet-sauvignon', 'has_detailed_info': True, 'wines_count': 801751}, {'id': 10, 'name': 'Merlot', 'seo_name': 'merlot', 'has_detailed_info': True, 'wines_count': 566719}, {'id': 1, 'name': 'Shiraz/Syrah', 'seo_name': 'shiraz-syrah', 'has_detailed_info': True, 'wines_count': 551112}]",USD,US Dollars,$,
al,Albania,Shqipëria,albania,41,44841,402,74,"[{'id': 10, 'name': 'Merlot', 'seo_name': 'merlot', 'has_detailed_info': True, 'wines_count': 566719}, {'id': 2, 'name': 'Cabernet Sauvignon', 'seo_name': 'cabernet-sauvignon', 'has_detailed_info': True, 'wines_count': 801751}, {'id': 5, 'name': 'Chardonnay', 'seo_name': 'chardonnay', 'has_detailed_info': True, 'wines_count': 604208}]",USD,US Dollars,$,
dz,Algeria,الجزائر,algeria,7,4379,126,9,"[{'id': 75, 'name': 'Cinsault', 'seo_name': 'cinsault', 'has_detailed_info': False, 'wines_count': 49347}, {'id': 8, 'name': 'Grenache', 'seo_name': 'grenache-noir', 'has_detailed_info': True, 'wines_count': 240002}, {'id': 40, 'name': 'Alicante Bouschet', 'seo_name': 'alicante-bouschet', 'has_detailed_info': False, 'wines_count': 30014}]",USD,US Dollars,$,
as,American Samoa,Amerika Sāmoa,american-samoa,0,3568,0,0,[],USD,US Dollars,$,
ad,Andorra,Andorra,andorra,0,9913,18,6,"[{'id': 14, 'name': 'Pinot Noir', 'seo_name': 'pinot-noir', 'has_detailed_info': True, 'wines_count': 572334}, {'id': 5, 'name': 'Chardonnay', 'seo_name': 'chardonnay', 'has_detailed_info': True, 'wines_count': 604208}, {'id': 7, 'name': 'Gewürztraminer', 'seo_name': 'gewurztraminer', 'has_detailed_info': True, 'wines_count': 58751}]",EUR,Euros,€,
ao,Angola,Angola,angola,0,28398,0,0,[],USD,US Dollars,$,
ai,Anguilla,Anguilla,anguilla,0,1720,0,0,[],USD,US Dollars,$,
aq,Antarctica,Antarctica,antarctica,0,2317,0,0,[],USD,US Dollars,$,
ag,Antigua and Barbuda,Antigua and Barbuda,antigua-and-barbuda,0,1623,0,0,[],USD,US Dollars,$,
ar,Argentina,Argentina,argentina,40,594565,48774,5265,"[{'id': 9, 'name': 'Malbec', 'seo_name': 'malbec', 'has_detailed_info': True, 'wines_count': 219735}, {'id': 2, 'name': 'Cabernet Sauvignon', 'seo_name': 'cabernet-sauvignon', 'has_detailed_info': True, 'wines_count': 801751}, {'id': 5, 'name': 'Chardonnay', 'seo_name': 'chardonnay', 'has_detailed_info': True, 'wines_count': 604208}]",ARS,Argentinean Peso,$,
am,Armenia,Հայաստան,armenia,13,9393,1094,169,"[{'id': 715, 'name': 'Areni', 'seo_name': 'areni', 'has_detailed_info': False, 'wines_count': 1531}, {'id': 1086, 'name': 'Kangun', 'seo_name': 'kangun', 'has_detailed_info': False, 'wines_count': 415}, {'id': 1607, 'name': 'Voskeat', 'seo_name': 'voskeat', 'has_detailed_info': False, 'wines_count': 410}]",USD,US Dollars,$,
aw,Aruba,Aruba,aruba,0,3622,2,2,"[{'id': 2, 'name': 'Cabernet Sauvignon', 'seo_name': 'cabernet-sauvignon', 'has_detailed_info': True, 'wines_count': 801751}, {'id': 1, 'name': 'Shiraz/Syrah', 'seo_name': 'shiraz-syrah', 'has_detailed_info': True, 'wines_count': 551112}, {'id': 19, 'name': 'Tempranillo', 'seo_name': 'tempranillo', 'has_detailed_info': True, 'wines_count': 172842}]",USD,US Dollars,$,
ap,Asia-Pacific,Asia-Pacific,asia-pacific,0,1827,0,0,[],USD,US Dollars,$,
au,Australia,Australia,australia,120,958093,115105,13783,"[{'id': 1, 'name': 'Shiraz/Syrah', 'seo_name': 'shiraz-syrah', 'has_detailed_info': True, 'wines_count': 551112}, {'id': 2, 'name': 'Cabernet Sauvignon', 'seo_name': 'cabernet-sauvignon', 'has_detailed_info': True, 'wines_count': 801751}, {'id': 5, 'name': 'Chardonnay', 'seo_name': 'chardonnay', 'has_detailed_info': True, 'wines_count': 604208}]",AUD,Australian Dollars,$,
at,Austria,Österreich,austria,29,218904,56950,4749,"[{'id': 233, 'name': 'Grüner Veltliner', 'seo_name': 'gruner-veltliner', 'has_detailed_info': False, 'wines_count': 38313}, {'id': 257, 'name': 'Zweigelt', 'seo_name': 'zweigelt', 'has_detailed_info': False, 'wines_count': 31922}, {'id': 15, 'name': 'Riesling', 'seo_name': 'riesling', 'has_detailed_info': True, 'wines_count': 262136}]",EUR,Euros,€,
az,Azerbaijan,Azərbaycan,azerbaijan,5,7959,648,48,"[{'id': 1, 'name': 'Shiraz/Syrah', 'seo_name': 'shiraz-syrah', 'has_detailed_info': True, 'wines_count': 551112}, {'id': 2, 'name': 'Cabernet Sauvignon', 'seo_name': 'cabernet-sauvignon', 'has_detailed_info': True, 'wines_count': 801751}, {'id': 10, 'name': 'Merlot', 'seo_name': 'merlot', 'has_detailed_info': True, 'wines_count': 566719}]",USD,US Dollars,$,
bs,Bahamas,Bahamas,bahamas,0,2836,10,1,"[{'id': 2, 'name': 'Cabernet Sauvignon', 'seo_name': 'cabernet-sauvignon', 'has_detailed_info': True, 'wines_count': 801751}, {'id': 10, 'name': 'Merlot', 'seo_name': 'merlot', 'has_detailed_info': True, 'wines_count': 566719}, {'id': 34, 'name': 'Pinot Grigio', 'seo_name': 'pinot-grigio', 'has_detailed_info': True, 'wines_count': 49802}]",USD,US Dollars,$,
bh,Bahrain,البحرين,bahrain,0,4958,0,0,[],USD,US Dollars,$,
bd,Bangladesh,বাংলাদেশ,bangladesh,0,2818,0,0,[],USD,US Dollars,$,
bb,Barbados,Barbados,barbados,0,1612,1,1,[],USD,US Dollars,$,
by,Belarus,Беларусь,belarus,0,157368,119,4,"[{'id': 5, 'name': 'Chardonnay', 'seo_name': 'chardonnay', 'has_detailed_info': True, 'wines_count': 604208}, {'id': 14, 'name': 'Pinot Noir', 'seo_name': 'pinot-noir', 'has_detailed_info': True, 'wines_count': 572334}, {'id': 15, 'name': 'Riesling', 'seo_name': 'riesling', 'has_detailed_info': True, 'wines_count': 262136}]",BYN,Belarus Ruble,,p.
be,Belgium,België,belgium,7,1675639,1398,257,"[{'id': 5, 'name': 'Chardonnay', 'seo_name': 'chardonnay', 'has_detailed_info': True, 'wines_count': 604208}, {'id': 14, 'name': 'Pinot Noir', 'seo_name': 'pinot-noir', 'has_detailed_info': True, 'wines_count': 572334}, {'id': 1073, 'name': 'Johanniter', 'seo_name': 'johanniter', 'has_detailed_info': False, 'wines_count': 2851}]",EUR,Euros,€,
bz,Belize,Belize,belize,0,1740,2,2,"[{'id': 10, 'name': 'Merlot', 'seo_name': 'merlot', 'has_detailed_info': True, 'wines_count': 566719}, {'id': 14, 'name': 'Pinot Noir', 'seo_name': 'pinot-noir', 'has_detailed_info': True, 'wines_count': 572334}]",USD,US Dollars,$,
bj,Benin,Bénin,benin,0,2795,0,0,[],USD,US Dollars,$,
bm,Bermuda,Bermuda,bermuda,0,5404,0,0,[],USD,US Dollars,$,
bt,Bhutan,འབྲུག་ཡུལ,bhutan,0,481,5,2,"[{'id': 5, 'name': 'Chardonnay', 'seo_name': 'chardonnay', 'has_detailed_info': True, 'wines_count': 604208}, {'id': 2, 'name': 'Cabernet Sauvignon', 'seo_name': 'cabernet-sauvignon', 'has_detailed_info': True, 'wines_count': 801751}, {'id': 1, 'name': 'Shiraz/Syrah', 'seo_name': 'shiraz-syrah', 'has_detailed_info': True, 'wines_count': 551112}]",USD,US Dollars,$,
bo,Bolivia,Bolivia,bolivia,3,16716,466,61,"[{'id': 2, 'name': 'Cabernet Sauvignon', 'seo_name': 'cabernet-sauvignon', 'has_detailed_info': True, 'wines_count': 801751}, {'id': 1, 'name': 'Shiraz/Syrah', 'seo_name': 'shiraz-syrah', 'has_detailed_info': True, 'wines_count': 551112}, {'id': 48, 'name': 'Tannat', 'seo_name': 'tannat', 'has_detailed_info': False, 'wines_count': 30107}]",USD,US Dollars,$,
bq,"Bonaire, Sint Eustatius and Saba",Caribisch Nederland,"bonaire,-sint-eustatius-and-saba",0,401,0,0,[],USD,US Dollars,$,
ba,Bosnia and Herzegovina,Bosna i Hercegovina,bosnia-and-herzegovina,0,6916,588,75,"[{'id': 1628, 'name': 'Zilavka', 'seo_name': 'zilavka', 'has_detailed_info': False, 'wines_count': 619}, {'id': 769, 'name': 'Blatina', 'seo_name': 'blatina', 'has_detailed_info': False, 'wines_count': 392}, {'id': 2, 'name': 'Cabernet Sauvignon', 'seo_name': 'cabernet-sauvignon', 'has_detailed_info': True, 'wines_count': 801751}]",USD,US Dollars,$,
bw,Botswana,Botswana,botswana,0,1631,0,0,[],USD,US Dollars,$,
bv,Bouvet Island,Bouvetøya,bouvet-island,0,101,0,0,[],NOK,Norwegian Kroner,, kr.
br,Brazil,Brasil,brazil,24,4178669,16329,1597,"[{'id': 2, 'name': 'Cabernet Sauvignon', 'seo_name': 'cabernet-sauvignon', 'has_detailed_info': True, 'wines_count': 801751}, {'id': 10, 'name': 'Merlot', 'seo_name': 'merlot', 'has_detailed_info': True, 'wines_count': 566719}, {'id': 5, 'name': 'Chardonnay', 'seo_name': 'chardonnay', 'has_detailed_info': True, 'wines_count': 604208}]",BRL,Brazil Reais,R$,
io,British Indian Ocean Territory,British Indian Ocean Territory,british-indian-ocean-territory,0,2107,0,0,[],USD,US Dollars,$,
bn,Brunei Darussalam,Brunei,brunei-darussalam,0,8562,0,0,[],USD,US Dollars,$,
bg,Bulgaria,България,bulgaria,17,48469,6784,579,"[{'id': 2, 'name': 'Cabernet Sauvignon', 'seo_name': 'cabernet-sauvignon', 'has_detailed_info': True, 'wines_count': 801751}, {'id': 10, 'name': 'Merlot', 'seo_name': 'merlot', 'has_detailed_info': True, 'wines_count': 566719}, {'id': 5, 'name': 'Chardonnay', 'seo_name': 'chardonnay', 'has_detailed_info': True, 'wines_count': 604208}]",BGN,Bulgaria Lev,лв,
bf,Burkina Faso,Burkina Faso,burkina-faso,0,1876,0,0,[],USD,US Dollars,$,
bi,Burundi,Uburundi,burundi,0,761,0,0,[],USD,US Dollars,$,
kh,Cambodia,កម្ពុជា,cambodia,0,9421,4,5,"[{'id': 10, 'name': 'Merlot', 'seo_name': 'merlot', 'has_detailed_info': True, 'wines_count': 566719}, {'id': 5, 'name': 'Chardonnay', 'seo_name': 'chardonnay', 'has_detailed_info': True, 'wines_count': 604208}]",USD,US Dollars,$,
cm,Cameroon,Cameroun,cameroon,0,6658,0,0,[],USD,US Dollars,$,
ca,Canada,Canada,canada,44,1414200,20797,1605,"[{'id': 10, 'name': 'Merlot', 'seo_name': 'merlot', 'has_detailed_info': True, 'wines_count': 566719}, {'id': 2, 'name': 'Cabernet Sauvignon', 'seo_name': 'cabernet-sauvignon', 'has_detailed_info': True, 'wines_count': 801751}, {'id': 5, 'name': 'Chardonnay', 'seo_name': 'chardonnay', 'has_detailed_info': True, 'wines_count': 604208}]",CAD,Canadian Dollars,$,
cv,Cape Verde,Cabo Verde,cape-verde,1,2701,27,6,"[{'id': 1739, 'name': 'Moscatel', 'seo_name': 'moscatel', 'has_detailed_info': False, 'wines_count': 4146}, {'id': 633, 'name': 'Moscato Bianco', 'seo_name': 'moscato-bianco', 'has_detailed_info': False, 'wines_count': 2713}]",USD,US Dollars,$,
ky,Cayman Islands,Cayman Islands,cayman-islands,0,2928,0,0,[],USD,US Dollars,$,
cf,Central African Republic,République Centrafricaine,central-african-republic,0,2287,0,0,[],USD,US Dollars,$,
td,Chad,Tchad,chad,0,372,0,0,[],USD,US Dollars,$,
cl,Chile,Chile,chile,40,310323,55869,5667,"[{'id': 2, 'name': 'Cabernet Sauvignon', 'seo_name': 'cabernet-sauvignon', 'has_detailed_info': True, 'wines_count': 801751}, {'id': 51, 'name': 'Carménère', 'seo_name': 'carmenere', 'has_detailed_info': True, 'wines_count': 50087}, {'id': 10, 'name': 'Merlot', 'seo_name': 'merlot', 'has_detailed_info': True, 'wines_count': 566719}]",CLP,Chiliean Peso,$,
cn,China,中国,china,21,506854,1809,393,"[{'id': 2, 'name': 'Cabernet Sauvignon', 'seo_name': 'cabernet-sauvignon', 'has_detailed_info': True, 'wines_count': 801751}, {'id': 10, 'name': 'Merlot', 'seo_name': 'merlot', 'has_detailed_info': True, 'wines_count': 566719}, {'id': 5, 'name': 'Chardonnay', 'seo_name': 'chardonnay', 'has_detailed_info': True, 'wines_count': 604208}]",CNY,Chinese Yuan,¥,
cx,Christmas Island,Christmas Island,christmas-island,0,258,0,0,[],AUD,Australian Dollars,$,
cc,Cocos (Keeling) Islands,Cocos Islands,cocos-keeling-islands,0,144,0,0,[],AUD,Australian Dollars,$,
co,Colombia,Colombia,colombia,1,190450,129,23,"[{'id': 108, 'name': ""Nero d'Avola"", 'seo_name': 'nero-d-avola', 'has_detailed_info': False, 'wines_count': 19530}, {'id': 2, 'name': 'Cabernet Sauvignon', 'seo_name': 'cabernet-sauvignon', 'has_detailed_info': True, 'wines_count': 801751}, {'id': 10, 'name': 'Merlot', 'seo_name': 'merlot', 'has_detailed_info': True, 'wines_count': 566719}]",COP,Columbian Pesos,$,
km,Comoros,Komori,comoros,0,195,0,0,[],USD,US Dollars,$,
cg,Congo,République du Congo,congo,0,845,0,0,[],USD,US Dollars,$,
ck,Cook Islands,Cook Islands,cook-islands,0,124,0,0,[],NZD,New Zealand Dollars,$,
cr,Costa Rica,Costa Rica,costa-rica,0,63347,34,5,"[{'id': 2, 'name': 'Cabernet Sauvignon', 'seo_name': 'cabernet-sauvignon', 'has_detailed_info': True, 'wines_count': 801751}, {'id': 371, 'name': 'Isabella', 'seo_name': 'isabella', 'has_detailed_info': False, 'wines_count': 1622}, {'id': 10, 'name': 'Merlot', 'seo_name': 'merlot', 'has_detailed_info': True, 'wines_count': 566719}]",USD,US Dollars,$,
hr,Croatia,Hrvatska,croatia,20,57539,7181,942,"[{'id': 632, 'name': 'Plavac Mali', 'seo_name': 'plavac-mali', 'has_detailed_info': False, 'wines_count': 4122}, {'id': 2, 'name': 'Cabernet Sauvignon', 'seo_name': 'cabernet-sauvignon', 'has_detailed_info': True, 'wines_count': 801751}, {'id': 10, 'name': 'Merlot', 'seo_name': 'merlot', 'has_detailed_info': True, 'wines_count': 566719}]",HRK,Croatian Kuna,, kn.
cu,Cuba,Cuba,cuba,0,1519,29,10,"[{'id': 2, 'name': 'Cabernet Sauvignon', 'seo_name': 'cabernet-sauvignon', 'has_detailed_info': True, 'wines_count': 801751}, {'id': 5, 'name': 'Chardonnay', 'seo_name': 'chardonnay', 'has_detailed_info': True, 'wines_count': 604208}, {'id': 10, 'name': 'Merlot', 'seo_name': 'merlot', 'has_detailed_info': True, 'wines_count': 566719}]",USD,US Dollars,$,
cw,Curaçao,Curaçao,curacao,0,2155,4,1,"[{'id': 6, 'name': 'Chenin Blanc', 'seo_name': 'chenin-blanc', 'has_detailed_info': True, 'wines_count': 58427}, {'id': 52, 'name': 'Colombard', 'seo_name': 'colombard', 'has_detailed_info': False, 'wines_count': 9548}, {'id': 1, 'name': 'Shiraz/Syrah', 'seo_name': 'shiraz-syrah', 'has_detailed_info': True, 'wines_count': 551112}]",USD,US Dollars,$,
cy,Cyprus,Κύπρος,cyprus,9,29811,1284,113,"[{'id': 646, 'name': 'Xynisteri', 'seo_name': 'xynisteri', 'has_detailed_info': False, 'wines_count': 780}, {'id': 2, 'name': 'Cabernet Sauvignon', 'seo_name': 'cabernet-sauvignon', 'has_detailed_info': True, 'wines_count': 801751}, {'id': 1, 'name': 'Shiraz/Syrah', 'seo_name': 'shiraz-syrah', 'has_detailed_info': True, 'wines_count': 551112}]",EUR,Euros,€,
cz,Czech Republic,Česko,czech-republic,10,217533,21757,1380,"[{'id': 15, 'name': 'Riesling', 'seo_name': 'riesling', 'has_detailed_info': True, 'wines_count': 262136}, {'id': 5, 'name': 'Chardonnay', 'seo_name': 'chardonnay', 'has_detailed_info': True, 'wines_count': 604208}, {'id': 14, 'name': 'Pinot Noir', 'seo_name': 'pinot-noir', 'has_detailed_info': True, 'wines_count': 572334}]",CZK,Czech Koruny,kč,
cd,Democratic Republic of Congo,République démocratique du Congo,democratic-republic-of-congo,0,1855,0,1,"[{'id': 15, 'name': 'Riesling', 'seo_name': 'riesling', 'has_detailed_info': True, 'wines_count': 262136}]",USD,US Dollars,$,
dk,Denmark,Danmark,denmark,9,2120187,1031,201,"[{'id': 638, 'name': 'Rondo', 'seo_name': 'rondo', 'has_detailed_info': False, 'wines_count': 2395}, {'id': 658, 'name': 'Solaris', 'seo_name': 'solaris', 'has_detailed_info': False, 'wines_count': 4742}, {'id': 631, 'name': 'Leon Millot', 'seo_name': 'leon-millot', 'has_detailed_info': False, 'wines_count': 1055}]",DKK,Danish Kroner,, kr.
dj,Djibouti,جيبوتي,djibouti,0,255,0,0,[],USD,US Dollars,$,
dm,Dominica,Dominica,dominica,0,864,0,0,[],DOP,Dominican Peso,RD$,
do,Dominican Republic,República Dominicana,dominican-republic,0,76749,13,2,"[{'id': 2, 'name': 'Cabernet Sauvignon', 'seo_name': 'cabernet-sauvignon', 'has_detailed_info': True, 'wines_count': 801751}, {'id': 19, 'name': 'Tempranillo', 'seo_name': 'tempranillo', 'has_detailed_info': True, 'wines_count': 172842}, {'id': 17, 'name': 'Sauvignon Blanc', 'seo_name': 'sauvignon-blanc', 'has_detailed_info': True, 'wines_count': 292440}]",DOP,Dominican Peso,RD$,
tl,East Timor,East Timor,east-timor,0,204,0,0,[],USD,US Dollars,$,
ec,Ecuador,Ecuador,ecuador,2,46516,82,9,"[{'id': 2, 'name': 'Cabernet Sauvignon', 'seo_name': 'cabernet-sauvignon', 'has_detailed_info': True, 'wines_count': 801751}, {'id': 10, 'name': 'Merlot', 'seo_name': 'merlot', 'has_detailed_info': True, 'wines_count': 566719}, {'id': 9, 'name': 'Malbec', 'seo_name': 'malbec', 'has_detailed_info': True, 'wines_count': 219735}]",USD,US Dollars,$,
eg,Egypt,مصر,egypt,0,6732,88,13,"[{'id': 2, 'name': 'Cabernet Sauvignon', 'seo_name': 'cabernet-sauvignon', 'has_detailed_info': True, 'wines_count': 801751}, {'id': 1, 'name': 'Shiraz/Syrah', 'seo_name': 'shiraz-syrah', 'has_detailed_info': True, 'wines_count': 551112}, {'id': 20, 'name': 'Viognier', 'seo_name': 'viognier', 'has_detailed_info': True, 'wines_count': 89216}]",USD,US Dollars,$,
sv,El Salvador,El Salvador,el-salvador,0,11031,0,0,[],USD,US Dollars,$,
gq,Equatorial Guinea,Guinea Ecuatorial,equatorial-guinea,0,351,0,0,[],USD,US Dollars,$,
er,Eritrea,إرتريا,eritrea,0,701,0,0,[],USD,US Dollars,$,
ee,Estonia,Eesti,estonia,0,97824,42,13,"[{'id': 658, 'name': 'Solaris', 'seo_name': 'solaris', 'has_detailed_info': False, 'wines_count': 4742}, {'id': 5, 'name': 'Chardonnay', 'seo_name': 'chardonnay', 'has_detailed_info': True, 'wines_count': 604208}, {'id': 10, 'name': 'Merlot', 'seo_name': 'merlot', 'has_detailed_info': True, 'wines_count': 566719}]",EUR,Euros,€,
et,Ethiopia,ኢትዮጵያ,ethiopia,0,878,27,5,"[{'id': 1, 'name': 'Shiraz/Syrah', 'seo_name': 'shiraz-syrah', 'has_detailed_info': True, 'wines_count': 551112}, {'id': 2, 'name': 'Cabernet Sauvignon', 'seo_name': 'cabernet-sauvignon', 'has_detailed_info': True, 'wines_count': 801751}, {'id': 10, 'name': 'Merlot', 'seo_name': 'merlot', 'has_detailed_info': True, 'wines_count': 566719}]",USD,US Dollars,$,
fk,Falkland Islands (Malvinas),Falkland Islands,falkland-islands-malvinas,0,196,1,1,"[{'id': 1, 'name': 'Shiraz/Syrah', 'seo_name': 'shiraz-syrah', 'has_detailed_info': True, 'wines_count': 551112}]",USD,US Dollars,$,
fo,Faroe Islands,Føroyar,faroe-islands,0,10070,0,0,[],DKK,Danish Kroner,, kr.
fj,Fiji,Fiji,fiji,0,1402,0,0,[],USD,US Dollars,$,
fi,Finland,Suomi,finland,0,150178,64,16,"[{'id': 14, 'name': 'Pinot Noir', 'seo_name': 'pinot-noir', 'has_detailed_info': True, 'wines_count': 572334}, {'id': 5, 'name': 'Chardonnay', 'seo_name': 'chardonnay', 'has_detailed_info': True, 'wines_count': 604208}, {'id': 221, 'name': 'Blaufränkisch', 'seo_name': 'blaufrankisch', 'has_detailed_info': False, 'wines_count': 20989}]",EUR,Euros,€,
fr,France,France,france,1304,5466850,564579,67550,"[{'id': 14, 'name': 'Pinot Noir', 'seo_name': 'pinot-noir', 'has_detailed_info': True, 'wines_count': 572334}, {'id': 10, 'name': 'Merlot', 'seo_name': 'merlot', 'has_detailed_info': True, 'wines_count': 566719}, {'id': 5, 'name': 'Chardonnay', 'seo_name': 'chardonnay', 'has_detailed_info': True, 'wines_count': 604208}]",EUR,Euros,€,
gf,French Guiana,Guyane,french-guiana,0,3732,0,0,[],EUR,Euros,€,
pf,French Polynesia,Polynésie française,french-polynesia,2,5800,17,1,"[{'id': 41, 'name': 'Carignan', 'seo_name': 'carignane', 'has_detailed_info': True, 'wines_count': 59630}, {'id': 11, 'name': 'Muscat Blanc', 'seo_name': 'muscat-blanc', 'has_detailed_info': False, 'wines_count': 31075}, {'id': 1258, 'name': 'Muscat Hamburg', 'seo_name': 'muscat-of-hamburg', 'has_detailed_info': False, 'wines_count': 759}]",USD,US Dollars,$,
tf,French Southern Territories,Terres australes et antarctiques françaises,french-southern-territories,0,2948,0,0,[],EUR,Euros,€,
ga,Gabon,République gabonaise,gabon,0,3922,1,1,[],USD,US Dollars,$,
gm,Gambia,The Gambia,gambia,0,198,0,0,[],USD,US Dollars,$,
ge,Georgia,საქართველო,georgia,36,11541,10399,1398,"[{'id': 643, 'name': 'Saperavi', 'seo_name': 'saperavi', 'has_detailed_info': False, 'wines_count': 17573}, {'id': 248, 'name': 'Rkatsiteli', 'seo_name': 'rkatsiteli', 'has_detailed_info': False, 'wines_count': 8494}, {'id': 1255, 'name': 'Mtsvane Kakhuri', 'seo_name': 'mtsvane-kakhuri', 'has_detailed_info': False, 'wines_count': 2491}]",GEL,Georgia Lari,,GEL
de,Germany,Deutschland,germany,210,2349951,208423,13636,"[{'id': 15, 'name': 'Riesling', 'seo_name': 'riesling', 'has_detailed_info': True, 'wines_count': 262136}, {'id': 299, 'name': 'Spätburgunder', 'seo_name': 'spatburgunder', 'has_detailed_info': False, 'wines_count': 50164}, {'id': 355, 'name': 'Weissburgunder', 'seo_name': 'weissburgunder', 'has_detailed_info': False, 'wines_count': 33464}]",EUR,Euros,€,
gh,Ghana,Ghana,ghana,0,3043,1,1,[],USD,US Dollars,$,
gi,Gibraltar,Gibraltar,gibraltar,0,4491,0,0,[],GBP,British Pounds,£,
gr,Greece,Ελλάς,greece,138,85913,11285,1267,"[{'id': 216, 'name': 'Agiorgitiko', 'seo_name': 'agiorgitiko', 'has_detailed_info': False, 'wines_count': 3476}, {'id': 2, 'name': 'Cabernet Sauvignon', 'seo_name': 'cabernet-sauvignon', 'has_detailed_info': True, 'wines_count': 801751}, {'id': 10, 'name': 'Merlot', 'seo_name': 'merlot', 'has_detailed_info': True, 'wines_count': 566719}]",EUR,Euros,€,
gl,Greenland,Kalaallit Nunaat,greenland,0,3034,0,0,[],DKK,Danish Kroner,, kr.
gd,Grenada,Grenada,grenada,0,327,0,0,[],USD,US Dollars,$,
gp,Guadeloupe,Guadeloupe,guadeloupe,0,4209,0,0,[],USD,US Dollars,$,
gu,Guam,Guam,guam,0,1602,0,0,[],USD,US Dollars,$,
gt,Guatemala,Guatemala,guatemala,0,35424,1,1,"[{'id': 80, 'name': 'Gamay', 'seo_name': 'gamay', 'has_detailed_info': False, 'wines_count': 60138}]",USD,US Dollars,$,
gg,Guernsey,Guernsey,guernsey,0,1869,0,0,[],GBP,British Pounds,£,
gn,Guinea,Guinée,guinea,0,263,0,0,[],USD,US Dollars,$,
gw,Guinea-Bissau,Guiné-Bissau,guinea-bissau,0,438,0,0,[],USD,US Dollars,$,
gy,Guyana,Guyana,guyana,0,320,0,0,[],USD,US Dollars,$,
ht,Haiti,Haïti,haiti,0,1522,0,0,[],USD,US Dollars,$,
hm,Heard and McDonald Islands,Heard and McDonald Islands,heard-and-mcdonald-islands,0,145,0,0,[],USD,US Dollars,$,
va,Holy See,Santa Sede,vatican-city-state-holy-see,0,1018,0,0,[],EUR,Euros,€,
hn,Honduras,Honduras,honduras,0,10807,2,1,[],USD,US Dollars,$,
hk,Hong Kong,Hong Kong,hong-kong,0,517553,44,16,"[{'id': 2, 'name': 'Cabernet Sauvignon', 'seo_name': 'cabernet-sauvignon', 'has_detailed_info': True, 'wines_count': 801751}, {'id': 10, 'name': 'Merlot', 'seo_name': 'merlot', 'has_detailed_info': True, 'wines_count': 566719}, {'id': 1, 'name': 'Shiraz/Syrah', 'seo_name': 'shiraz-syrah', 'has_detailed_info': True, 'wines_count': 551112}]",HKD,Hong Kong Dollars,HK$,
hu,Hungary,Magyarország,hungary,29,92473,20671,1888,"[{'id': 394, 'name': 'Furmint', 'seo_name': 'furmint', 'has_detailed_info': False, 'wines_count': 11130}, {'id': 2, 'name': 'Cabernet Sauvignon', 'seo_name': 'cabernet-sauvignon', 'has_detailed_info': True, 'wines_count': 801751}, {'id': 10, 'name': 'Merlot', 'seo_name': 'merlot', 'has_detailed_info': True, 'wines_count': 566719}]",HUF,Hungarian Forints,, Ft.
is,Iceland,Ísland,iceland,0,47630,4,3,"[{'id': 1, 'name': 'Shiraz/Syrah', 'seo_name': 'shiraz-syrah', 'has_detailed_info': True, 'wines_count': 551112}, {'id': 14, 'name': 'Pinot Noir', 'seo_name': 'pinot-noir', 'has_detailed_info': True, 'wines_count': 572334}]",ISK,Icelandic Krona,, kr.
in,India,ভাৰত,india,11,100317,716,114,"[{'id': 1, 'name': 'Shiraz/Syrah', 'seo_name': 'shiraz-syrah', 'has_detailed_info': True, 'wines_count': 551112}, {'id': 2, 'name': 'Cabernet Sauvignon', 'seo_name': 'cabernet-sauvignon', 'has_detailed_info': True, 'wines_count': 801751}, {'id': 6, 'name': 'Chenin Blanc', 'seo_name': 'chenin-blanc', 'has_detailed_info': True, 'wines_count': 58427}]",INR,Indian Rupees,Rs,
id,Indonesia,Indonesia,indonesia,0,45276,35,4,"[{'id': 11, 'name': 'Muscat Blanc', 'seo_name': 'muscat-blanc', 'has_detailed_info': False, 'wines_count': 31075}, {'id': 260, 'name': 'Malvasia Nera', 'seo_name': 'malvasia-nera', 'has_detailed_info': False, 'wines_count': 3876}, {'id': 1, 'name': 'Shiraz/Syrah', 'seo_name': 'shiraz-syrah', 'has_detailed_info': True, 'wines_count': 551112}]",IDR,Indonesia Rupiah,Rp,
ir,Iran,ایران,iran,0,3569,0,0,[],USD,US Dollars,$,
iq,Iraq,العراق,iraq,0,2759,0,0,[],USD,US Dollars,$,
ie,Ireland,Éire,ireland,2,314638,32,10,"[{'id': 638, 'name': 'Rondo', 'seo_name': 'rondo', 'has_detailed_info': False, 'wines_count': 2395}, {'id': 2, 'name': 'Cabernet Sauvignon', 'seo_name': 'cabernet-sauvignon', 'has_detailed_info': True, 'wines_count': 801751}, {'id': 10, 'name': 'Merlot', 'seo_name': 'merlot', 'has_detailed_info': True, 'wines_count': 566719}]",EUR,Euros,€,
im,Isle of Man,Isle of Man,isle-of-man,0,1144,3,1,[],USD,US Dollars,$,
il,Israel,יִשְׂרָאֵל,israel,19,132268,6247,519,"[{'id': 2, 'name': 'Cabernet Sauvignon', 'seo_name': 'cabernet-sauvignon', 'has_detailed_info': True, 'wines_count': 801751}, {'id': 10, 'name': 'Merlot', 'seo_name': 'merlot', 'has_detailed_info': True, 'wines_count': 566719}, {'id': 1, 'name': 'Shiraz/Syrah', 'seo_name': 'shiraz-syrah', 'has_detailed_info': True, 'wines_count': 551112}]",ILS,Israel Sheqel,₪,
it,Italy,Italia,italy,560,4036948,369477,42044,"[{'id': 16, 'name': 'Sangiovese', 'seo_name': 'sangiovese', 'has_detailed_info': True, 'wines_count': 125094}, {'id': 10, 'name': 'Merlot', 'seo_name': 'merlot', 'has_detailed_info': True, 'wines_count': 566719}, {'id': 5, 'name': 'Chardonnay', 'seo_name': 'chardonnay', 'has_detailed_info': True, 'wines_count': 604208}]",EUR,Euros,€,
ci,Ivory Coast,Côte d'Ivoire,ivory-coast,0,26784,0,0,[],USD,US Dollars,$,
jm,Jamaica,Jamaica,jamaica,0,3213,2,2,[],USD,US Dollars,$,
jp,Japan,日本,japan,5,796331,7226,503,"[{'id': 1116, 'name': 'Koshu', 'seo_name': 'koshu', 'has_detailed_info': False, 'wines_count': 6891}, {'id': 10, 'name': 'Merlot', 'seo_name': 'merlot', 'has_detailed_info': True, 'wines_count': 566719}, {'id': 5, 'name': 'Chardonnay', 'seo_name': 'chardonnay', 'has_detailed_info': True, 'wines_count': 604208}]",JPY,Japanese Yen,¥,
je,Jersey,Jersey,jersey,0,3127,0,0,[],GBP,British Pounds,£,
jo,Jordan,الأردن,jordan,1,4469,130,7,"[{'id': 1, 'name': 'Shiraz/Syrah', 'seo_name': 'shiraz-syrah', 'has_detailed_info': True, 'wines_count': 551112}, {'id': 2, 'name': 'Cabernet Sauvignon', 'seo_name': 'cabernet-sauvignon', 'has_detailed_info': True, 'wines_count': 801751}, {'id': 10, 'name': 'Merlot', 'seo_name': 'merlot', 'has_detailed_info': True, 'wines_count': 566719}]",USD,US Dollars,$,
kz,Kazakhstan,Қазақстан,kazakhstan,1,49460,134,12,"[{'id': 14, 'name': 'Pinot Noir', 'seo_name': 'pinot-noir', 'has_detailed_info': True, 'wines_count': 572334}, {'id': 5, 'name': 'Chardonnay', 'seo_name': 'chardonnay', 'has_detailed_info': True, 'wines_count': 604208}, {'id': 15, 'name': 'Riesling', 'seo_name': 'riesling', 'has_detailed_info': True, 'wines_count': 262136}]",USD,US Dollars,$,
ke,Kenya,Kenya,kenya,0,15941,20,6,"[{'id': 17, 'name': 'Sauvignon Blanc', 'seo_name': 'sauvignon-blanc', 'has_detailed_info': True, 'wines_count': 292440}, {'id': 1, 'name': 'Shiraz/Syrah', 'seo_name': 'shiraz-syrah', 'has_detailed_info': True, 'wines_count': 551112}, {'id': 6, 'name': 'Chenin Blanc', 'seo_name': 'chenin-blanc', 'has_detailed_info': True, 'wines_count': 58427}]",USD,US Dollars,$,
ki,Kiribati,Kiribati,kiribati,0,131,0,0,[],AUD,Australian Dollars,$,
kp,Korea (North),조선,korea-north,0,3765,26,15,"[{'id': 825, 'name': 'Campbell Early', 'seo_name': 'campbell-early', 'has_detailed_info': False, 'wines_count': 639}, {'id': 1257, 'name': 'Muscat Bailey A', 'seo_name': 'muscat-bailey-a', 'has_detailed_info': False, 'wines_count': 5124}, {'id': 154, 'name': 'Muscat Noir', 'seo_name': 'muscat-noir', 'has_detailed_info': False, 'wines_count': 1156}]",USD,US Dollars,$,
kr,Korea (South),한국,korea-south,0,807700,61,21,"[{'id': 825, 'name': 'Campbell Early', 'seo_name': 'campbell-early', 'has_detailed_info': False, 'wines_count': 639}, {'id': 1257, 'name': 'Muscat Bailey A', 'seo_name': 'muscat-bailey-a', 'has_detailed_info': False, 'wines_count': 5124}, {'id': 5, 'name': 'Chardonnay', 'seo_name': 'chardonnay', 'has_detailed_info': True, 'wines_count': 604208}]",KRW,South Korean Won,₩,
xk,Kosovo,Kosova,kosovo,18,1760,260,35,"[{'id': 625, 'name': 'Vranac', 'seo_name': 'vranac', 'has_detailed_info': False, 'wines_count': 2831}, {'id': 2, 'name': 'Cabernet Sauvignon', 'seo_name': 'cabernet-sauvignon', 'has_detailed_info': True, 'wines_count': 801751}, {'id': 15, 'name': 'Riesling', 'seo_name': 'riesling', 'has_detailed_info': True, 'wines_count': 262136}]",EUR,Euros,€,
kw,Kuwait,الكويت‎,kuwait,0,3434,4,1,"[{'id': 80, 'name': 'Gamay', 'seo_name': 'gamay', 'has_detailed_info': False, 'wines_count': 60138}, {'id': 625, 'name': 'Vranac', 'seo_name': 'vranac', 'has_detailed_info': False, 'wines_count': 2831}]",USD,US Dollars,$,
kg,Kyrgyzstan,Кыргызстан,kyrgyzstan,0,3428,15,4,"[{'id': 643, 'name': 'Saperavi', 'seo_name': 'saperavi', 'has_detailed_info': False, 'wines_count': 17573}, {'id': 2, 'name': 'Cabernet Sauvignon', 'seo_name': 'cabernet-sauvignon', 'has_detailed_info': True, 'wines_count': 801751}, {'id': 15, 'name': 'Riesling', 'seo_name': 'riesling', 'has_detailed_info': True, 'wines_count': 262136}]",USD,US Dollars,$,
la,Laos,ປະເທດລາວ,laos,0,3545,1,1,"[{'id': 2, 'name': 'Cabernet Sauvignon', 'seo_name': 'cabernet-sauvignon', 'has_detailed_info': True, 'wines_count': 801751}]",USD,US Dollars,$,
lv,Latvia,Latvija,latvia,0,85438,105,17,"[{'id': 5, 'name': 'Chardonnay', 'seo_name': 'chardonnay', 'has_detailed_info': True, 'wines_count': 604208}, {'id': 17, 'name': 'Sauvignon Blanc', 'seo_name': 'sauvignon-blanc', 'has_detailed_info': True, 'wines_count': 292440}, {'id': 16, 'name': 'Sangiovese', 'seo_name': 'sangiovese', 'has_detailed_info': True, 'wines_count': 125094}]",EUR,Euros,€,
lb,Lebanon,لبنان,lebanon,7,28600,1042,142,"[{'id': 2, 'name': 'Cabernet Sauvignon', 'seo_name': 'cabernet-sauvignon', 'has_detailed_info': True, 'wines_count': 801751}, {'id': 1, 'name': 'Shiraz/Syrah', 'seo_name': 'shiraz-syrah', 'has_detailed_info': True, 'wines_count': 551112}, {'id': 75, 'name': 'Cinsault', 'seo_name': 'cinsault', 'has_detailed_info': False, 'wines_count': 49347}]",USD,US Dollars,$,
ls,Lesotho,Lesotho,lesotho,0,381,2,2,"[{'id': 6, 'name': 'Chenin Blanc', 'seo_name': 'chenin-blanc', 'has_detailed_info': True, 'wines_count': 58427}, {'id': 62, 'name': 'Pinotage', 'seo_name': 'pinotage', 'has_detailed_info': False, 'wines_count': 17467}]",USD,US Dollars,$,
lr,Liberia,Liberia,liberia,0,499,1,1,[],USD,US Dollars,$,
ly,Libya,ليبيا‎,libya,0,409,0,0,[],USD,US Dollars,$,
li,Liechtenstein,Liechtenstein,liechtenstein,2,4751,80,10,"[{'id': 14, 'name': 'Pinot Noir', 'seo_name': 'pinot-noir', 'has_detailed_info': True, 'wines_count': 572334}, {'id': 5, 'name': 'Chardonnay', 'seo_name': 'chardonnay', 'has_detailed_info': True, 'wines_count': 604208}, {'id': 10, 'name': 'Merlot', 'seo_name': 'merlot', 'has_detailed_info': True, 'wines_count': 566719}]",CHF,Swiss Francs,, fr.
lt,Lithuania,Lietuva,lithuania,0,94027,130,13,"[{'id': 5, 'name': 'Chardonnay', 'seo_name': 'chardonnay', 'has_detailed_info': True, 'wines_count': 604208}, {'id': 11, 'name': 'Muscat Blanc', 'seo_name': 'muscat-blanc', 'has_detailed_info': False, 'wines_count': 31075}, {'id': 59, 'name': 'Moscato', 'seo_name': 'moscato', 'has_detailed_info': False, 'wines_count': 34267}]",EUR,Euros,€,
lu,Luxembourg,Lëtzebuerg,luxembourg,6,95373,2857,164,"[{'id': 15, 'name': 'Riesling', 'seo_name': 'riesling', 'has_detailed_info': True, 'wines_count': 262136}, {'id': 13, 'name': 'Pinot Gris', 'seo_name': 'pinot-gris', 'has_detailed_info': True, 'wines_count': 72677}, {'id': 14, 'name': 'Pinot Noir', 'seo_name': 'pinot-noir', 'has_detailed_info': True, 'wines_count': 572334}]",EUR,Euros,€,
mo,Macau,澳門,macau,0,18363,0,1,[],HKD,Hong Kong Dollars,HK$,
mg,Madagascar,Madagasikara,madagascar,0,1034,31,7,[],USD,US Dollars,$,
mw,Malawi,Malawi,malawi,0,495,1,1,"[{'id': 10, 'name': 'Merlot', 'seo_name': 'merlot', 'has_detailed_info': True, 'wines_count': 566719}, {'id': 777, 'name': 'Bondola', 'seo_name': 'bondola', 'has_detailed_info': False, 'wines_count': 125}]",USD,US Dollars,$,
my,Malaysia,Malaysia,malaysia,0,132570,8,2,"[{'id': 10, 'name': 'Merlot', 'seo_name': 'merlot', 'has_detailed_info': True, 'wines_count': 566719}, {'id': 2, 'name': 'Cabernet Sauvignon', 'seo_name': 'cabernet-sauvignon', 'has_detailed_info': True, 'wines_count': 801751}]",MYR,Malaysian Ringgit,RM,
mv,Maldives,ދިވެހިރާއްޖެ,maldives,0,2501,0,0,[],USD,US Dollars,$,
ml,Mali,Mali,mali,0,375,0,0,[],USD,US Dollars,$,
mt,Malta,Malta,malta,3,27253,641,45,"[{'id': 10, 'name': 'Merlot', 'seo_name': 'merlot', 'has_detailed_info': True, 'wines_count': 566719}, {'id': 2, 'name': 'Cabernet Sauvignon', 'seo_name': 'cabernet-sauvignon', 'has_detailed_info': True, 'wines_count': 801751}, {'id': 1, 'name': 'Shiraz/Syrah', 'seo_name': 'shiraz-syrah', 'has_detailed_info': True, 'wines_count': 551112}]",EUR,Euros,€,
mh,Marshall Islands,Aorōkin M̧ajeļ,marshall-islands,0,208,0,0,[],USD,US Dollars,$,
mq,Martinique,Martinique,martinique,0,3252,0,0,[],USD,US Dollars,$,
mr,Mauritania,موريتانيا,mauritania,0,842,0,0,[],USD,US Dollars,$,
mu,Mauritius,Mauritius,mauritius,0,13122,60,6,"[{'id': 1, 'name': 'Shiraz/Syrah', 'seo_name': 'shiraz-syrah', 'has_detailed_info': True, 'wines_count': 551112}, {'id': 5, 'name': 'Chardonnay', 'seo_name': 'chardonnay', 'has_detailed_info': True, 'wines_count': 604208}, {'id': 6, 'name': 'Chenin Blanc', 'seo_name': 'chenin-blanc', 'has_detailed_info': True, 'wines_count': 58427}]",USD,US Dollars,$,
yt,Mayotte,Mayotte,mayotte,0,280,0,0,[],EUR,Euros,€,
mx,Mexico,México,mexico,21,1191847,6934,1042,"[{'id': 2, 'name': 'Cabernet Sauvignon', 'seo_name': 'cabernet-sauvignon', 'has_detailed_info': True, 'wines_count': 801751}, {'id': 10, 'name': 'Merlot', 'seo_name': 'merlot', 'has_detailed_info': True, 'wines_count': 566719}, {'id': 19, 'name': 'Tempranillo', 'seo_name': 'tempranillo', 'has_detailed_info': True, 'wines_count': 172842}]",MXN,Mexican Pesos,$,
fm,Micronesia,Micronesia,micronesia,0,363,0,0,[],USD,US Dollars,$,
md,Moldova,Moldova,moldova,5,11902,5836,401,"[{'id': 2, 'name': 'Cabernet Sauvignon', 'seo_name': 'cabernet-sauvignon', 'has_detailed_info': True, 'wines_count': 801751}, {'id': 10, 'name': 'Merlot', 'seo_name': 'merlot', 'has_detailed_info': True, 'wines_count': 566719}, {'id': 5, 'name': 'Chardonnay', 'seo_name': 'chardonnay', 'has_detailed_info': True, 'wines_count': 604208}]",USD,US Dollars,$,
mc,Monaco,Monaco,monaco,0,5223,0,2,"[{'id': 1, 'name': 'Shiraz/Syrah', 'seo_name': 'shiraz-syrah', 'has_detailed_info': True, 'wines_count': 551112}, {'id': 8, 'name': 'Grenache', 'seo_name': 'grenache-noir', 'has_detailed_info': True, 'wines_count': 240002}]",EUR,Euros,€,
mn,Mongolia,Монгол Улс,mongolia,0,6059,5,2,"[{'id': 2, 'name': 'Cabernet Sauvignon', 'seo_name': 'cabernet-sauvignon', 'has_detailed_info': True, 'wines_count': 801751}, {'id': 10, 'name': 'Merlot', 'seo_name': 'merlot', 'has_detailed_info': True, 'wines_count': 566719}]",USD,US Dollars,$,
me,Montenegro,Crna Gora,montenegro,2,6608,348,59,"[{'id': 625, 'name': 'Vranac', 'seo_name': 'vranac', 'has_detailed_info': False, 'wines_count': 2831}, {'id': 5, 'name': 'Chardonnay', 'seo_name': 'chardonnay', 'has_detailed_info': True, 'wines_count': 604208}, {'id': 2, 'name': 'Cabernet Sauvignon', 'seo_name': 'cabernet-sauvignon', 'has_detailed_info': True, 'wines_count': 801751}]",USD,US Dollars,$,
ms,Montserrat,Montserrat,montserrat,0,491,0,0,[],USD,US Dollars,$,
ma,Morocco,المغرب,morocco,21,13895,487,45,"[{'id': 1, 'name': 'Shiraz/Syrah', 'seo_name': 'shiraz-syrah', 'has_detailed_info': True, 'wines_count': 551112}, {'id': 2, 'name': 'Cabernet Sauvignon', 'seo_name': 'cabernet-sauvignon', 'has_detailed_info': True, 'wines_count': 801751}, {'id': 8, 'name': 'Grenache', 'seo_name': 'grenache-noir', 'has_detailed_info': True, 'wines_count': 240002}]",USD,US Dollars,$,
mz,Mozambique,Moçambique,mozambique,0,7777,0,0,[],USD,US Dollars,$,
mm,Myanmar,မြန်မာ,burma-myanmar,0,4391,50,2,"[{'id': 1, 'name': 'Shiraz/Syrah', 'seo_name': 'shiraz-syrah', 'has_detailed_info': True, 'wines_count': 551112}, {'id': 17, 'name': 'Sauvignon Blanc', 'seo_name': 'sauvignon-blanc', 'has_detailed_info': True, 'wines_count': 292440}, {'id': 11, 'name': 'Muscat Blanc', 'seo_name': 'muscat-blanc', 'has_detailed_info': False, 'wines_count': 31075}]",USD,US Dollars,$,
na,Namibia,Namibia,namibia,0,4736,41,10,"[{'id': 1, 'name': 'Shiraz/Syrah', 'seo_name': 'shiraz-syrah', 'has_detailed_info': True, 'wines_count': 551112}, {'id': 2, 'name': 'Cabernet Sauvignon', 'seo_name': 'cabernet-sauvignon', 'has_detailed_info': True, 'wines_count': 801751}, {'id': 52, 'name': 'Colombard', 'seo_name': 'colombard', 'has_detailed_info': False, 'wines_count': 9548}]",USD,US Dollars,$,
nr,Nauru,Nauru,nauru,0,716,0,0,[],AUD,Australian Dollars,$,
np,Nepal,नेपाल,nepal,0,2646,25,10,"[{'id': 2, 'name': 'Cabernet Sauvignon', 'seo_name': 'cabernet-sauvignon', 'has_detailed_info': True, 'wines_count': 801751}, {'id': 10, 'name': 'Merlot', 'seo_name': 'merlot', 'has_detailed_info': True, 'wines_count': 566719}, {'id': 5, 'name': 'Chardonnay', 'seo_name': 'chardonnay', 'has_detailed_info': True, 'wines_count': 604208}]",USD,US Dollars,$,
nl,Netherlands,Nederland,netherlands,19,2274229,1811,308,"[{'id': 1073, 'name': 'Johanniter', 'seo_name': 'johanniter', 'has_detailed_info': False, 'wines_count': 2851}, {'id': 658, 'name': 'Solaris', 'seo_name': 'solaris', 'has_detailed_info': False, 'wines_count': 4742}, {'id': 285, 'name': 'Regent', 'seo_name': 'regent', 'has_detailed_info': False, 'wines_count': 7051}]",EUR,Euros,€,
an,Netherlands Antilles,Netherlands Antilles,netherlands-antilles,0,1686,2,1,"[{'id': 1073, 'name': 'Johanniter', 'seo_name': 'johanniter', 'has_detailed_info': False, 'wines_count': 2851}, {'id': 658, 'name': 'Solaris', 'seo_name': 'solaris', 'has_detailed_info': False, 'wines_count': 4742}]",USD,US Dollars,$,
nc,New Caledonia,Nouvelle-Calédonie,new-caledonia,0,5607,0,0,[],USD,US Dollars,$,
nz,New Zealand,New Zealand,new-zealand,38,92953,19150,2967,"[{'id': 14, 'name': 'Pinot Noir', 'seo_name': 'pinot-noir', 'has_detailed_info': True, 'wines_count': 572334}, {'id': 17, 'name': 'Sauvignon Blanc', 'seo_name': 'sauvignon-blanc', 'has_detailed_info': True, 'wines_count': 292440}, {'id': 5, 'name': 'Chardonnay', 'seo_name': 'chardonnay', 'has_detailed_info': True, 'wines_count': 604208}]",NZD,New Zealand Dollars,$,
ni,Nicaragua,Nicaragua,nicaragua,0,4862,0,0,[],USD,US Dollars,$,
ne,Niger,Niger,niger,0,243,0,0,[],USD,US Dollars,$,
ng,Nigeria,Nigeria,nigeria,0,7521,4,2,[],USD,US Dollars,$,
nu,Niue,Niuē,niue,0,61,0,0,[],NZD,New Zealand Dollars,$,
nf,Norfolk Island,Norfolk Island,norfolk-island,0,300,12,1,"[{'id': 5, 'name': 'Chardonnay', 'seo_name': 'chardonnay', 'has_detailed_info': True, 'wines_count': 604208}, {'id': 10, 'name': 'Merlot', 'seo_name': 'merlot', 'has_detailed_info': True, 'wines_count': 566719}, {'id': 2, 'name': 'Cabernet Sauvignon', 'seo_name': 'cabernet-sauvignon', 'has_detailed_info': True, 'wines_count': 801751}]",AUD,Australian Dollars,$,
mk,North Macedonia,Македонија,macedonia,21,6999,1397,123,"[{'id': 625, 'name': 'Vranac', 'seo_name': 'vranac', 'has_detailed_info': False, 'wines_count': 2831}, {'id': 2, 'name': 'Cabernet Sauvignon', 'seo_name': 'cabernet-sauvignon', 'has_detailed_info': True, 'wines_count': 801751}, {'id': 10, 'name': 'Merlot', 'seo_name': 'merlot', 'has_detailed_info': True, 'wines_count': 566719}]",MKD,Macedonian Denar,, ден.
mp,Northern Mariana Islands,Northern Mariana Islands,northern-mariana-islands,0,660,0,0,[],USD,US Dollars,$,
no,Norway,Norge,norway,2,738135,37,15,"[{'id': 658, 'name': 'Solaris', 'seo_name': 'solaris', 'has_detailed_info': False, 'wines_count': 4742}, {'id': 14, 'name': 'Pinot Noir', 'seo_name': 'pinot-noir', 'has_detailed_info': True, 'wines_count': 572334}, {'id': 638, 'name': 'Rondo', 'seo_name': 'rondo', 'has_detailed_info': False, 'wines_count': 2395}]",NOK,Norwegian Kroner,, kr.
om,Oman,عُمان,oman,0,2829,1,1,[],USD,US Dollars,$,
pk,Pakistan,پاکستان,pakistan,0,2900,0,0,[],USD,US Dollars,$,
pw,Palau,Belau,palau,0,371,0,0,[],USD,US Dollars,$,
ps,"Palestinian Territory, Occupied",فلسطين,palestinian-territory-occupied,2,1570,77,5,"[{'id': 2, 'name': 'Cabernet Sauvignon', 'seo_name': 'cabernet-sauvignon', 'has_detailed_info': True, 'wines_count': 801751}, {'id': 10, 'name': 'Merlot', 'seo_name': 'merlot', 'has_detailed_info': True, 'wines_count': 566719}, {'id': 1, 'name': 'Shiraz/Syrah', 'seo_name': 'shiraz-syrah', 'has_detailed_info': True, 'wines_count': 551112}]",USD,US Dollars,$,
pa,Panama,Panamá,panama,0,31704,3,1,[],USD,US Dollars,$,
pg,Papua New Guinea,Papua New Guinea,papua-new-guinea,0,374,1,1,"[{'id': 371, 'name': 'Isabella', 'seo_name': 'isabella', 'has_detailed_info': False, 'wines_count': 1622}]",USD,US Dollars,$,
py,Paraguay,Paraguay,paraguay,0,27960,22,4,"[{'id': 3, 'name': 'Cabernet Franc', 'seo_name': 'cabernet-franc', 'has_detailed_info': True, 'wines_count': 269578}, {'id': 2, 'name': 'Cabernet Sauvignon', 'seo_name': 'cabernet-sauvignon', 'has_detailed_info': True, 'wines_count': 801751}, {'id': 9, 'name': 'Malbec', 'seo_name': 'malbec', 'has_detailed_info': True, 'wines_count': 219735}]",USD,US Dollars,$,
pe,Peru,Perú,peru,1,107754,662,138,"[{'id': 9, 'name': 'Malbec', 'seo_name': 'malbec', 'has_detailed_info': True, 'wines_count': 219735}, {'id': 2, 'name': 'Cabernet Sauvignon', 'seo_name': 'cabernet-sauvignon', 'has_detailed_info': True, 'wines_count': 801751}, {'id': 1390, 'name': 'Quebranta', 'seo_name': 'quebranta', 'has_detailed_info': False, 'wines_count': 164}]",PEN,Peruvian Nuevo Sol,S/.,
ph,Philippines,Pilipinas,philippines,1,63634,30,6,"[{'id': 10, 'name': 'Merlot', 'seo_name': 'merlot', 'has_detailed_info': True, 'wines_count': 566719}, {'id': 2, 'name': 'Cabernet Sauvignon', 'seo_name': 'cabernet-sauvignon', 'has_detailed_info': True, 'wines_count': 801751}, {'id': 5, 'name': 'Chardonnay', 'seo_name': 'chardonnay', 'has_detailed_info': True, 'wines_count': 604208}]",PHP,Philippine Pesos,₱,
pn,Pitcairn,Pitcairn Islands,pitcairn,0,818,0,0,[],USD,US Dollars,$,
pl,Poland,Polska,poland,8,712621,2198,322,"[{'id': 285, 'name': 'Regent', 'seo_name': 'regent', 'has_detailed_info': False, 'wines_count': 7051}, {'id': 658, 'name': 'Solaris', 'seo_name': 'solaris', 'has_detailed_info': False, 'wines_count': 4742}, {'id': 15, 'name': 'Riesling', 'seo_name': 'riesling', 'has_detailed_info': True, 'wines_count': 262136}]",PLN,Polish Zloty,, zł.
pt,Portugal,Portugal,portugal,91,1038727,53906,5801,"[{'id': 67, 'name': 'Touriga Nacional', 'seo_name': 'touriga-nacional', 'has_detailed_info': True, 'wines_count': 85787}, {'id': 68, 'name': 'Touriga Franca', 'seo_name': 'touriga-franca', 'has_detailed_info': False, 'wines_count': 33763}, {'id': 69, 'name': 'Tinta Roriz', 'seo_name': 'tinta-roriz', 'has_detailed_info': False, 'wines_count': 41047}]",EUR,Euros,€,
pr,Puerto Rico,Puerto Rico,puerto-rico,0,78326,22,4,"[{'id': 2, 'name': 'Cabernet Sauvignon', 'seo_name': 'cabernet-sauvignon', 'has_detailed_info': True, 'wines_count': 801751}, {'id': 5, 'name': 'Chardonnay', 'seo_name': 'chardonnay', 'has_detailed_info': True, 'wines_count': 604208}, {'id': 383, 'name': 'Lambrusco', 'seo_name': 'lambrusco', 'has_detailed_info': False, 'wines_count': 9964}]",USD,US Dollars,$,
qa,Qatar,قطر,qatar,0,4864,0,0,[],USD,US Dollars,$,
ro,Romania,România,romania,25,206023,8507,676,"[{'id': 2, 'name': 'Cabernet Sauvignon', 'seo_name': 'cabernet-sauvignon', 'has_detailed_info': True, 'wines_count': 801751}, {'id': 10, 'name': 'Merlot', 'seo_name': 'merlot', 'has_detailed_info': True, 'wines_count': 566719}, {'id': 326, 'name': 'Feteasca Neagra', 'seo_name': 'feteasca-neagra', 'has_detailed_info': False, 'wines_count': 6117}]",RON,Romanian New Lei,L,
ru,Russia,Россия,russia,18,3499605,6797,526,"[{'id': 2, 'name': 'Cabernet Sauvignon', 'seo_name': 'cabernet-sauvignon', 'has_detailed_info': True, 'wines_count': 801751}, {'id': 5, 'name': 'Chardonnay', 'seo_name': 'chardonnay', 'has_detailed_info': True, 'wines_count': 604208}, {'id': 10, 'name': 'Merlot', 'seo_name': 'merlot', 'has_detailed_info': True, 'wines_count': 566719}]",RUB,Russian Rouble,,₽
rw,Rwanda,Rwanda,rwanda,0,1223,4,1,[],USD,US Dollars,$,
re,Réunion,Réunion,reunion,0,9183,7,3,"[{'id': 2, 'name': 'Cabernet Sauvignon', 'seo_name': 'cabernet-sauvignon', 'has_detailed_info': True, 'wines_count': 801751}, {'id': 1, 'name': 'Shiraz/Syrah', 'seo_name': 'shiraz-syrah', 'has_detailed_info': True, 'wines_count': 551112}, {'id': 15, 'name': 'Riesling', 'seo_name': 'riesling', 'has_detailed_info': True, 'wines_count': 262136}]",USD,US Dollars,$,
gs,S. Georgia and S. Sandwich Isls.,S. Georgia and S. Sandwich Isls.,s-georgia-and-s-sandwich-isls,0,394,0,0,[],USD,US Dollars,$,
bl,Saint Barthélemy,Saint-Barthélemy,saint-barthelemy,0,355,0,0,[],USD,US Dollars,$,
kn,Saint Kitts and Nevis,Saint Kitts and Nevis,saint-kitts-and-nevis,0,1052,0,0,[],USD,US Dollars,$,
lc,Saint Lucia,Saint Lucia,saint-lucia,0,555,0,0,[],USD,US Dollars,$,
mf,Saint Martin (French part),Saint-Martin,saint-martin-(french-part),0,409,0,0,[],USD,US Dollars,$,
vc,Saint Vincent and the Grenadines,Saint Vincent and the Grenadines,saint-vincent-and-the-grenadines,0,279,0,0,[],USD,US Dollars,$,
ws,Samoa,Samoa,samoa,0,121,0,0,[],USD,US Dollars,$,
sm,San Marino,San Marino,san-marino,1,2923,70,6,"[{'id': 16, 'name': 'Sangiovese', 'seo_name': 'sangiovese', 'has_detailed_info': True, 'wines_count': 125094}, {'id': 5, 'name': 'Chardonnay', 'seo_name': 'chardonnay', 'has_detailed_info': True, 'wines_count': 604208}, {'id': 59, 'name': 'Moscato', 'seo_name': 'moscato', 'has_detailed_info': False, 'wines_count': 34267}]",EUR,Euros,€,
st,Sao Tome and Principe,São Tomé e Príncipe,sao-tome-and-principe,0,302,0,0,[],USD,US Dollars,$,
sa,Saudi Arabia,المملكة العربية السعودية,saudi-arabia,0,9075,0,0,[],SAR,Saudi Riyal,﷼,
sn,Senegal,Sénégal,senegal,0,2421,3,1,[],USD,US Dollars,$,
rs,Serbia,Србија,republic-of-serbia,27,44046,2508,364,"[{'id': 2, 'name': 'Cabernet Sauvignon', 'seo_name': 'cabernet-sauvignon', 'has_detailed_info': True, 'wines_count': 801751}, {'id': 10, 'name': 'Merlot', 'seo_name': 'merlot', 'has_detailed_info': True, 'wines_count': 566719}, {'id': 5, 'name': 'Chardonnay', 'seo_name': 'chardonnay', 'has_detailed_info': True, 'wines_count': 604208}]",RSD,Serbian Dinar,,din
sc,Seychelles,Sesel,seychelles,0,2699,0,0,[],USD,US Dollars,$,
sl,Sierra Leone,Sierra Leone,sierra-leone,0,256,0,0,[],USD,US Dollars,$,
sg,Singapore,Singapura,singapore,0,255967,11,4,"[{'id': 2, 'name': 'Cabernet Sauvignon', 'seo_name': 'cabernet-sauvignon', 'has_detailed_info': True, 'wines_count': 801751}, {'id': 10, 'name': 'Merlot', 'seo_name': 'merlot', 'has_detailed_info': True, 'wines_count': 566719}, {'id': 17, 'name': 'Sauvignon Blanc', 'seo_name': 'sauvignon-blanc', 'has_detailed_info': True, 'wines_count': 292440}]",SGD,Singapore Dollars,$,
sx,Sint Maarten (Dutch part),Sint Maarten,sint-maarten-(dutch-part),0,387,0,0,[],USD,US Dollars,$,
sk,Slovakia,Slovensko,slovak-republic,7,48356,7161,520,"[{'id': 2, 'name': 'Cabernet Sauvignon', 'seo_name': 'cabernet-sauvignon', 'has_detailed_info': True, 'wines_count': 801751}, {'id': 15, 'name': 'Riesling', 'seo_name': 'riesling', 'has_detailed_info': True, 'wines_count': 262136}, {'id': 221, 'name': 'Blaufränkisch', 'seo_name': 'blaufrankisch', 'has_detailed_info': False, 'wines_count': 20989}]",EUR,Euros,€,
si,Slovenia,Slovenija,slovenia,9,27824,6720,777,"[{'id': 5, 'name': 'Chardonnay', 'seo_name': 'chardonnay', 'has_detailed_info': True, 'wines_count': 604208}, {'id': 10, 'name': 'Merlot', 'seo_name': 'merlot', 'has_detailed_info': True, 'wines_count': 566719}, {'id': 17, 'name': 'Sauvignon Blanc', 'seo_name': 'sauvignon-blanc', 'has_detailed_info': True, 'wines_count': 292440}]",EUR,Euros,€,
sb,Solomon Islands,Solomon Islands,solomon-islands,0,100,0,0,[],USD,US Dollars,$,
so,Somalia,Soomaaliya,somalia,0,139,0,0,[],USD,US Dollars,$,
za,South Africa,South Africa,south-africa,110,252364,39332,4176,"[{'id': 2, 'name': 'Cabernet Sauvignon', 'seo_name': 'cabernet-sauvignon', 'has_detailed_info': True, 'wines_count': 801751}, {'id': 1, 'name': 'Shiraz/Syrah', 'seo_name': 'shiraz-syrah', 'has_detailed_info': True, 'wines_count': 551112}, {'id': 10, 'name': 'Merlot', 'seo_name': 'merlot', 'has_detailed_info': True, 'wines_count': 566719}]",ZAR,South African Rand,R,
ss,South Sudan,South Sudan,south-sudan,0,135,0,0,[],USD,US Dollars,$,
es,Spain,España,spain,152,2134944,137457,17913,"[{'id': 19, 'name': 'Tempranillo', 'seo_name': 'tempranillo', 'has_detailed_info': True, 'wines_count': 172842}, {'id': 142, 'name': 'Garnacha', 'seo_name': 'garnacha', 'has_detailed_info': True, 'wines_count': 58111}, {'id': 2, 'name': 'Cabernet Sauvignon', 'seo_name': 'cabernet-sauvignon', 'has_detailed_info': True, 'wines_count': 801751}]",EUR,Euros,€,
lk,Sri Lanka,ශ්‍රී ලංකාව,sri-lanka,0,5301,1,2,"[{'id': 1739, 'name': 'Moscatel', 'seo_name': 'moscatel', 'has_detailed_info': False, 'wines_count': 4146}]",USD,US Dollars,$,
sh,St. Helena,St. Helena,st-helena,0,66,0,0,[],USD,US Dollars,$,
pm,St. Pierre and Miquelon,Saint-Pierre et Miquelon,st-pierre-and-miquelon,0,350,0,0,[],EUR,Euros,€,
sd,Sudan,السودان,sudan,0,245,0,0,[],USD,US Dollars,$,
sr,Suriname,Suriname,suriname,0,820,0,0,[],USD,US Dollars,$,
sj,Svalbard and Jan Mayen,Svalbard,svalbard-and-jan-mayen-islands,0,154,0,0,[],NOK,Norwegian Kroner,, kr.
sz,Swaziland,eSwatini,swaziland,0,771,4,6,"[{'id': 14, 'name': 'Pinot Noir', 'seo_name': 'pinot-noir', 'has_detailed_info': True, 'wines_count': 572334}, {'id': 675, 'name': 'Blauburgunder', 'seo_name': 'blauburgunder', 'has_detailed_info': False, 'wines_count': 5015}]",USD,US Dollars,$,
se,Sweden,Sverige,sweden,2,841440,558,82,"[{'id': 658, 'name': 'Solaris', 'seo_name': 'solaris', 'has_detailed_info': False, 'wines_count': 4742}, {'id': 2, 'name': 'Cabernet Sauvignon', 'seo_name': 'cabernet-sauvignon', 'has_detailed_info': True, 'wines_count': 801751}, {'id': 5, 'name': 'Chardonnay', 'seo_name': 'chardonnay', 'has_detailed_info': True, 'wines_count': 604208}]",SEK,Swedish Kronar,, kr.
ch,Switzerland,Schweiz,switzerland,72,1506702,41702,3849,"[{'id': 14, 'name': 'Pinot Noir', 'seo_name': 'pinot-noir', 'has_detailed_info': True, 'wines_count': 572334}, {'id': 10, 'name': 'Merlot', 'seo_name': 'merlot', 'has_detailed_info': True, 'wines_count': 566719}, {'id': 224, 'name': 'Chasselas', 'seo_name': 'chasselas', 'has_detailed_info': False, 'wines_count': 13154}]",CHF,Swiss Francs,, fr.
sy,Syria,سورية,syria,1,592,9,5,"[{'id': 1, 'name': 'Shiraz/Syrah', 'seo_name': 'shiraz-syrah', 'has_detailed_info': True, 'wines_count': 551112}, {'id': 2, 'name': 'Cabernet Sauvignon', 'seo_name': 'cabernet-sauvignon', 'has_detailed_info': True, 'wines_count': 801751}, {'id': 10, 'name': 'Merlot', 'seo_name': 'merlot', 'has_detailed_info': True, 'wines_count': 566719}]",USD,US Dollars,$,
tw,Taiwan,中華民國,taiwan,0,529301,123,23,"[{'id': 765, 'name': 'Black Queen', 'seo_name': 'black-queen', 'has_detailed_info': False, 'wines_count': 636}, {'id': 2, 'name': 'Cabernet Sauvignon', 'seo_name': 'cabernet-sauvignon', 'has_detailed_info': True, 'wines_count': 801751}, {'id': 1019, 'name': 'Golden Muscat', 'seo_name': 'golden-muscat', 'has_detailed_info': False, 'wines_count': 634}]",TWD,Taiwan Dollars,$,
tj,Tajikistan,Тоҷикистон,tajikistan,0,533,6,1,"[{'id': 2, 'name': 'Cabernet Sauvignon', 'seo_name': 'cabernet-sauvignon', 'has_detailed_info': True, 'wines_count': 801751}, {'id': 371, 'name': 'Isabella', 'seo_name': 'isabella', 'has_detailed_info': False, 'wines_count': 1622}, {'id': 10, 'name': 'Merlot', 'seo_name': 'merlot', 'has_detailed_info': True, 'wines_count': 566719}]",USD,US Dollars,$,
tz,Tanzania,Tanzania,tanzania,0,2743,32,7,"[{'id': 1, 'name': 'Shiraz/Syrah', 'seo_name': 'shiraz-syrah', 'has_detailed_info': True, 'wines_count': 551112}, {'id': 97, 'name': 'Aglianico', 'seo_name': 'aglianico', 'has_detailed_info': False, 'wines_count': 14951}, {'id': 35, 'name': 'Teroldego', 'seo_name': 'teroldego', 'has_detailed_info': False, 'wines_count': 3602}]",USD,US Dollars,$,
th,Thailand,"เมืองไทย, ประเทศไทย, ราชอาณาจักรไทย",thailand,7,168089,283,44,"[{'id': 1, 'name': 'Shiraz/Syrah', 'seo_name': 'shiraz-syrah', 'has_detailed_info': True, 'wines_count': 551112}, {'id': 52, 'name': 'Colombard', 'seo_name': 'colombard', 'has_detailed_info': False, 'wines_count': 9548}, {'id': 6, 'name': 'Chenin Blanc', 'seo_name': 'chenin-blanc', 'has_detailed_info': True, 'wines_count': 58427}]",THB,Thai Baht,฿,
tg,Togo,Togo,togo,0,1529,0,0,[],USD,US Dollars,$,
tk,Tokelau,Tokelau,tokelau,0,275,0,0,[],NZD,New Zealand Dollars,$,
to,Tonga,Tonga,tonga,0,58,0,0,[],USD,US Dollars,$,
tt,Trinidad and Tobago,Trinidad and Tobago,trinidad-and-tobago,0,3800,2,2,"[{'id': 17, 'name': 'Sauvignon Blanc', 'seo_name': 'sauvignon-blanc', 'has_detailed_info': True, 'wines_count': 292440}]",USD,US Dollars,$,
tn,Tunisia,تونس,tunisia,9,3973,452,49,"[{'id': 1, 'name': 'Shiraz/Syrah', 'seo_name': 'shiraz-syrah', 'has_detailed_info': True, 'wines_count': 551112}, {'id': 41, 'name': 'Carignan', 'seo_name': 'carignane', 'has_detailed_info': True, 'wines_count': 59630}, {'id': 5, 'name': 'Chardonnay', 'seo_name': 'chardonnay', 'has_detailed_info': True, 'wines_count': 604208}]",USD,US Dollars,$,
tr,Turkey,Türkiye,turkey,17,143875,3493,241,"[{'id': 2, 'name': 'Cabernet Sauvignon', 'seo_name': 'cabernet-sauvignon', 'has_detailed_info': True, 'wines_count': 801751}, {'id': 1, 'name': 'Shiraz/Syrah', 'seo_name': 'shiraz-syrah', 'has_detailed_info': True, 'wines_count': 551112}, {'id': 10, 'name': 'Merlot', 'seo_name': 'merlot', 'has_detailed_info': True, 'wines_count': 566719}]",TRY,Turkish New Lira,₺,
tm,Turkmenistan,Türkmenistan,turkmenistan,0,412,0,0,[],USD,US Dollars,$,
tc,Turks and Caicos Islands,Turks and Caicos Islands,turks-and-caicos-islands,0,886,0,0,[],USD,US Dollars,$,
tv,Tuvalu,Tuvalu,tuvalu,0,106,0,0,[],AUD,Australian Dollars,$,
ug,Uganda,Uganda,uganda,0,1484,3,2,"[{'id': 21, 'name': 'Zinfandel', 'seo_name': 'zinfandel', 'has_detailed_info': True, 'wines_count': 67990}]",USD,US Dollars,$,
ua,Ukraine,Україна,ukraine,5,349187,4074,250,"[{'id': 2, 'name': 'Cabernet Sauvignon', 'seo_name': 'cabernet-sauvignon', 'has_detailed_info': True, 'wines_count': 801751}, {'id': 5, 'name': 'Chardonnay', 'seo_name': 'chardonnay', 'has_detailed_info': True, 'wines_count': 604208}, {'id': 10, 'name': 'Merlot', 'seo_name': 'merlot', 'has_detailed_info': True, 'wines_count': 566719}]",UAH,Ukrainian Hryvna,₴,
ae,United Arab Emirates,الإمارات العربيّة المتّحدة,united-arab-emirates,0,83349,1,1,"[{'id': 1, 'name': 'Shiraz/Syrah', 'seo_name': 'shiraz-syrah', 'has_detailed_info': True, 'wines_count': 551112}]",USD,US Dollars,$,
gb,United Kingdom,United Kingdom,united-kingdom,21,2849233,3677,591,"[{'id': 14, 'name': 'Pinot Noir', 'seo_name': 'pinot-noir', 'has_detailed_info': True, 'wines_count': 572334}, {'id': 5, 'name': 'Chardonnay', 'seo_name': 'chardonnay', 'has_detailed_info': True, 'wines_count': 604208}, {'id': 110, 'name': 'Pinot Meunier', 'seo_name': 'pinot-meunier', 'has_detailed_info': False, 'wines_count': 37424}]",GBP,British Pounds,£,
us,United States,United States,united-states,361,11644835,255082,27857,"[{'id': 2, 'name': 'Cabernet Sauvignon', 'seo_name': 'cabernet-sauvignon', 'has_detailed_info': True, 'wines_count': 801751}, {'id': 14, 'name': 'Pinot Noir', 'seo_name': 'pinot-noir', 'has_detailed_info': True, 'wines_count': 572334}, {'id': 5, 'name': 'Chardonnay', 'seo_name': 'chardonnay', 'has_detailed_info': True, 'wines_count': 604208}]",USD,US Dollars,$,
um,United States Minor Outlying Islands,United States Minor Outlying Islands,us-minor-islands,0,908,0,0,[],USD,US Dollars,$,
uy,Uruguay,Uruguay,uruguay,16,34135,4139,334,"[{'id': 48, 'name': 'Tannat', 'seo_name': 'tannat', 'has_detailed_info': False, 'wines_count': 30107}, {'id': 2, 'name': 'Cabernet Sauvignon', 'seo_name': 'cabernet-sauvignon', 'has_detailed_info': True, 'wines_count': 801751}, {'id': 10, 'name': 'Merlot', 'seo_name': 'merlot', 'has_detailed_info': True, 'wines_count': 566719}]",UYU,Uruguay Peso,$U,
uz,Uzbekistan,Ўзбекистон,uzbekistan,9,3646,174,16,"[{'id': 248, 'name': 'Rkatsiteli', 'seo_name': 'rkatsiteli', 'has_detailed_info': False, 'wines_count': 8494}, {'id': 2, 'name': 'Cabernet Sauvignon', 'seo_name': 'cabernet-sauvignon', 'has_detailed_info': True, 'wines_count': 801751}, {'id': 643, 'name': 'Saperavi', 'seo_name': 'saperavi', 'has_detailed_info': False, 'wines_count': 17573}]",USD,US Dollars,$,
vu,Vanuatu,Vanuatu,vanuatu,0,280,0,0,[],USD,US Dollars,$,
ve,Venezuela,Venezuela,venezuela,1,35402,43,2,"[{'id': 38, 'name': 'Palomino', 'seo_name': 'palomino', 'has_detailed_info': False, 'wines_count': 7694}, {'id': 8, 'name': 'Grenache', 'seo_name': 'grenache-noir', 'has_detailed_info': True, 'wines_count': 240002}, {'id': 83, 'name': 'Macabeo', 'seo_name': 'macabeo', 'has_detailed_info': False, 'wines_count': 27063}]",VEF,Venezulean Bolivar,Bs,
vn,Viet Nam,Việt Nam,viet-nam,2,68733,98,12,[],USD,US Dollars,$,
vg,Virgin Islands (British),British Virgin Islands,virgin-islands-british,0,2619,0,0,[],USD,US Dollars,$,
vi,Virgin Islands (U.S.),United States Virgin Islands,virgin-islands-us,0,2162,0,0,[],USD,US Dollars,$,
wf,Wallis and Futuna,Wallis-et-Futuna,wallis-and-futuna-islands,0,164,0,0,[],USD,US Dollars,$,
eh,Western Sahara,الصحراء الغربية‎,western-sahara,0,169,0,0,[],USD,US Dollars,$,
we,Westeros,Westeros,westeros,11,3357,19,3,"[{'id': 15, 'name': 'Riesling', 'seo_name': 'riesling', 'has_detailed_info': True, 'wines_count': 262136}, {'id': 2, 'name': 'Cabernet Sauvignon', 'seo_name': 'cabernet-sauvignon', 'has_detailed_info': True, 'wines_count': 801751}, {'id': 5, 'name': 'Chardonnay', 'seo_name': 'chardonnay', 'has_detailed_info': True, 'wines_count': 604208}]",EUR,Euros,€,
ye,Yemen,اليمن,yemen,0,435,0,0,[],USD,US Dollars,$,
zm,Zambia,Zambia,zambia,0,2334,9,2,"[{'id': 17, 'name': 'Sauvignon Blanc', 'seo_name': 'sauvignon-blanc', 'has_detailed_info': True, 'wines_count': 292440}, {'id': 2, 'name': 'Cabernet Sauvignon', 'seo_name': 'cabernet-sauvignon', 'has_detailed_info': True, 'wines_count': 801751}, {'id': 10, 'name': 'Merlot', 'seo_name': 'merlot', 'has_detailed_info': True, 'wines_count': 566719}]",USD,US Dollars,$,
zw,Zimbabwe,Zimbabwe,zimbabwe,0,2875,23,2,"[{'id': 10, 'name': 'Merlot', 'seo_name': 'merlot', 'has_detailed_info': True, 'wines_count': 566719}, {'id': 5, 'name': 'Chardonnay', 'seo_name': 'chardonnay', 'has_detailed_info': True, 'wines_count': 604208}, {'id': 2, 'name': 'Cabernet Sauvignon', 'seo_name': 'cabernet-sauvignon', 'has_detailed_info': True, 'wines_count': 801751}]",USD,US Dollars,$,
ax,Åland Islands,Åland,aland-islands,0,2298,0,0,[],USD,US Dollars,$,
