country_code,country,native_name,seo_name,regions_count,users_count,wines_count,wineries_count,most_used_grapes,currency_code,currency_name,currency_prefix,currency_suffix
af,Afghanistan,افغانستان,afghanistan,0,6400,195,95,"[{'id': 2, 'name': 'Cabernet Sauvignon', 'seo_name': 'cabernet-sauvignon', 'has_detailed_info': True, 'wines_count': 801751}, {'id': 10, 'name': 'Merlot', 'seo_name': 'merlot', 'has_detailed_info': True, 'wines_count': 566719}, {'id': 1, 'name': 'Shiraz/Syrah', 'seo_name': 'shiraz-syrah', 'has_detailed_info': True, 'wines_count': 551112}]",USD,US Dollars,$,
al,Albania,Shqipëria,albania,41,44936,403,74,"[{'id': 10, 'name': 'Merlot', 'seo_name': 'merlot', 'has_detailed_info': True, 'wines_count': 566719}, {'id': 2, 'name': 'Cabernet Sauvignon', 'seo_name': 'cabernet-sauvignon', 'has_detailed_info': True, 'wines_count': 801751}, {'id': 5, 'name': 'Chardonnay', 'seo_name': 'chardonnay', 'has_detailed_info': True, 'wines_count': 604208}]",USD,US Dollars,$,
dz,Algeria,الجزائر,algeria,7,4391,126,9,"[{'id': 75, 'name': 'Cinsault', 'seo_name': 'cinsault', 'has_detailed_info': False, 'wines_count': 49347}, {'id': 8, 'name': 'Grenache', 'seo_name': 'grenache-noir', 'has_detailed_info': True, 'wines_count': 240002}, {'id': 40, 'name': 'Alicante Bouschet', 'seo_name': 'alicante-bouschet', 'has_detailed_info': False, 'wines_count': 30014}]",USD,US Dollars,$,
as,American Samoa,Amerika Sāmoa,american-samoa,0,3575,0,0,[],USD,US Dollars,$,
ad,Andorra,Andorra,andorra,0,9935,18,6,"[{'id': 14, 'name': 'Pinot Noir', 'seo_name': 'pinot-noir', 'has_detailed_info': True, 'wines_count': 572334}, {'id': 5, 'name': 'Chardonnay', 'seo_name': 'chardonnay', 'has_detailed_info': True, 'wines_count': 604208}, {'id': 7, 'name': 'Gewürztraminer', 'seo_name': 'gewurztraminer', 'has_detailed_info': True, 'wines_count': 58751}]",EUR,Euros,€,
ao,Angola,Angola,angola,0,28449,0,0,[],USD,US Dollars,$,
ai,Anguilla,Anguilla,anguilla,0,1722,0,0,[],USD,US Dollars,$,
aq,Antarctica,Antarctica,antarctica,0,2319,0,0,[],USD,US Dollars,$,
ag,Antigua and Barbuda,Antigua and Barbuda,antigua-and-barbuda,0,1628,0,0,[],USD,US Dollars,$,
ar,Argentina,Argentina,argentina,40,595653,48845,5267,"[{'id': 9, 'name': 'Malbec', 'seo_name': 'malbec', 'has_detailed_info': True, 'wines_count': 219735}, {'id': 2, 'name': 'Cabernet Sauvignon', 'seo_name': 'cabernet-sauvignon', 'has_detailed_info': True, 'wines_count': 801751}, {'id': 5, 'name': 'Chardonnay', 'seo_name': 'chardonnay', 'has_detailed_info': True, 'wines_count': 604208}]",ARS,Argentinean Peso,$,
am,Armenia,Հայաստան,armenia,13,9427,1095,169,"[{'id': 715, 'name': 'Areni', 'seo_name': 'areni', 'has_detailed_info': False, 'wines_count': 1531}, {'id': 1086, 'name': 'Kangun', 'seo_name': 'kangun', 'has_detailed_info': False, 'wines_count': 415}, {'id': 1607, 'name': 'Voskeat', 'seo_name': 'voskeat', 'has_detailed_info': False, 'wines_count': 410}]",USD,US Dollars,$,
aw,Aruba,Aruba,aruba,0,3630,2,2,"[{'id': 2, 'name': 'Cabernet Sauvignon', 'seo_name': 'cabernet-sauvignon', 'has_detailed_info': True, 'wines_count': 801751}, {'id': 1, 'name': 'Shiraz/Syrah', 'seo_name': 'shiraz-syrah', 'has_detailed_info': True, 'wines_count': 551112}, {'id': 19, 'name': 'Tempranillo', 'seo_name': 'tempranillo', 'has_detailed_info': True, 'wines_count': 172842}]",USD,US Dollars,$,
ap,Asia-Pacific,Asia-Pacific,asia-pacific,0,1833,0,0,[],USD,US Dollars,$,
au,Australia,Australia,australia,120,960070,115232,13783,"[{'id': 1, 'name': 'Shiraz/Syrah', 'seo_name': 'shiraz-syrah', 'has_detailed_info': True, 'wines_count': 551112}, {'id': 2, 'name': 'Cabernet Sauvignon', 'seo_name': 'cabernet-sauvignon', 'has_detailed_info': True, 'wines_count': 801751}, {'id': 5, 'name': 'Chardonnay', 'seo_name': 'chardonnay', 'has_detailed_info': True, 'wines_count': 604208}]",AUD,Australian Dollars,$,
at,Austria,Österreich,austria,29,219381,57020,4754,"[{'id': 233, 'name': 'Grüner Veltliner', 'seo_name': 'gruner-veltliner', 'has_detailed_info': False, 'wines_count': 38313}, {'id': 257, 'name': 'Zweigelt', 'seo_name': 'zweigelt', 'has_detailed_info': False, 'wines_count': 31922}, {'id': 15, 'name': 'Riesling', 'seo_name': 'riesling', 'has_detailed_info': True, 'wines_count': 262136}]",EUR,Euros,€,
az,Azerbaijan,Azərbaycan,azerbaijan,5,7982,649,48,"[{'id': 1, 'name': 'Shiraz/Syrah', 'seo_name': 'shiraz-syrah', 'has_detailed_info': True, 'wines_count': 551112}, {'id': 2, 'name': 'Cabernet Sauvignon', 'seo_name': 'cabernet-sauvignon', 'has_detailed_info': True, 'wines_count': 801751}, {'id': 10, 'name': 'Merlot', 'seo_name': 'merlot', 'has_detailed_info': True, 'wines_count': 566719}]",USD,US Dollars,$,
bs,Bahamas,Bahamas,bahamas,0,2839,10,1,"[{'id': 2, 'name': 'Cabernet Sauvignon', 'seo_name': 'cabernet-sauvignon', 'has_detailed_info': True, 'wines_count': 801751}, {'id': 10, 'name': 'Merlot', 'seo_name': 'merlot', 'has_detailed_info': True, 'wines_count': 566719}, {'id': 34, 'name': 'Pinot Grigio', 'seo_name': 'pinot-grigio', 'has_detailed_info': True, 'wines_count': 49802}]",USD,US Dollars,$,
bh,Bahrain,البحرين,bahrain,0,4972,0,0,[],USD,US Dollars,$,
bd,Bangladesh,বাংলাদেশ,bangladesh,0,2820,0,0,[],USD,US Dollars,$,
bb,Barbados,Barbados,barbados,0,1615,1,1,[],USD,US Dollars,$,
by,Belarus,Беларусь,belarus,0,157754,119,4,"[{'id': 5, 'name': 'Chardonnay', 'seo_name': 'chardonnay', 'has_detailed_info': True, 'wines_count': 604208}, {'id': 14, 'name': 'Pinot Noir', 'seo_name': 'pinot-noir', 'has_detailed_info': True, 'wines_count': 572334}, {'id': 15, 'name': 'Riesling', 'seo_name': 'riesling', 'has_detailed_info': True, 'wines_count': 262136}]",BYN,Belarus Ruble,,p.
be,Belgium,België,belgium,7,1678514,1404,257,"[{'id': 5, 'name': 'Chardonnay', 'seo_name': 'chardonnay', 'has_detailed_info': True, 'wines_count': 604208}, {'id': 14, 'name': 'Pinot Noir', 'seo_name': 'pinot-noir', 'has_detailed_info': True, 'wines_count': 572334}, {'id': 1073, 'name': 'Johanniter', 'seo_name': 'johanniter', 'has_detailed_info': False, 'wines_count': 2851}]",EUR,Euros,€,
bz,Belize,Belize,belize,0,1743,2,2,"[{'id': 10, 'name': 'Merlot', 'seo_name': 'merlot', 'has_detailed_info': True, 'wines_count': 566719}, {'id': 14, 'name': 'Pinot Noir', 'seo_name': 'pinot-noir', 'has_detailed_info': True, 'wines_count': 572334}]",USD,US Dollars,$,
bj,Benin,Bénin,benin,0,2805,0,0,[],USD,US Dollars,$,
bm,Bermuda,Bermuda,bermuda,0,5412,0,0,[],USD,US Dollars,$,
bt,Bhutan,འབྲུག་ཡུལ,bhutan,0,481,5,2,"[{'id': 5, 'name': 'Chardonnay', 'seo_name': 'chardonnay', 'has_detailed_info': True, 'wines_count': 604208}, {'id': 2, 'name': 'Cabernet Sauvignon', 'seo_name': 'cabernet-sauvignon', 'has_detailed_info': True, 'wines_count': 801751}, {'id': 1, 'name': 'Shiraz/Syrah', 'seo_name': 'shiraz-syrah', 'has_detailed_info': True, 'wines_count': 551112}]",USD,US Dollars,$,
bo,Bolivia,Bolivia,bolivia,3,16751,467,61,"[{'id': 2, 'name': 'Cabernet Sauvignon', 'seo_name': 'cabernet-sauvignon', 'has_detailed_info': True, 'wines_count': 801751}, {'id': 1, 'name': 'Shiraz/Syrah', 'seo_name': 'shiraz-syrah', 'has_detailed_info': True, 'wines_count': 551112}, {'id': 48, 'name': 'Tannat', 'seo_name': 'tannat', 'has_detailed_info': False, 'wines_count': 30107}]",USD,US Dollars,$,
bq,"Bonaire, Sint Eustatius and Saba",Caribisch Nederland,"bonaire,-sint-eustatius-and-saba",0,402,0,0,[],USD,US Dollars,$,
ba,Bosnia and Herzegovina,Bosna i Hercegovina,bosnia-and-herzegovina,0,6945,595,76,"[{'id': 1628, 'name': 'Zilavka', 'seo_name': 'zilavka', 'has_detailed_info': False, 'wines_count': 619}, {'id': 769, 'name': 'Blatina', 'seo_name': 'blatina', 'has_detailed_info': False, 'wines_count': 392}, {'id': 2, 'name': 'Cabernet Sauvignon', 'seo_name': 'cabernet-sauvignon', 'has_detailed_info': True, 'wines_count': 801751}]",USD,US Dollars,$,
bw,Botswana,Botswana,botswana,0,1637,0,0,[],USD,US Dollars,$,
bv,Bouvet Island,Bouvetøya,bouvet-island,0,101,0,0,[],NOK,Norwegian Kroner,, kr.
br,Brazil,Brasil,brazil,24,4185535,16396,1599,"[{'id': 2, 'name': 'Cabernet Sauvignon', 'seo_name': 'cabernet-sauvignon', 'has_detailed_info': True, 'wines_count': 801751}, {'id': 10, 'name': 'Merlot', 'seo_name': 'merlot', 'has_detailed_info': True, 'wines_count': 566719}, {'id': 5, 'name': 'Chardonnay', 'seo_name': 'chardonnay', 'has_detailed_info': True, 'wines_count': 604208}]",BRL,Brazil Reais,R$,
io,British Indian Ocean Territory,British Indian Ocean Territory,british-indian-ocean-territory,0,2108,0,0,[],USD,US Dollars,$,
bn,Brunei Darussalam,Brunei,brunei-darussalam,0,8564,0,0,[],USD,US Dollars,$,
bg,Bulgaria,България,bulgaria,17,48606,6793,579,"[{'id': 2, 'name': 'Cabernet Sauvignon', 'seo_name': 'cabernet-sauvignon', 'has_detailed_info': True, 'wines_count': 801751}, {'id': 10, 'name': 'Merlot', 'seo_name': 'merlot', 'has_detailed_info': True, 'wines_count': 566719}, {'id': 5, 'name': 'Chardonnay', 'seo_name': 'chardonnay', 'has_detailed_info': True, 'wines_count': 604208}]",BGN,Bulgaria Lev,лв,
bf,Burkina Faso,Burkina Faso,burkina-faso,0,1883,0,0,[],USD,US Dollars,$,
bi,Burundi,Uburundi,burundi,0,763,0,0,[],USD,US Dollars,$,
kh,Cambodia,កម្ពុជា,cambodia,0,9437,4,5,"[{'id': 10, 'name': 'Merlot', 'seo_name': 'merlot', 'has_detailed_info': True, 'wines_count': 566719}, {'id': 5, 'name': 'Chardonnay', 'seo_name': 'chardonnay', 'has_detailed_info': True, 'wines_count': 604208}]",USD,US Dollars,$,
cm,Cameroon,Cameroun,cameroon,0,6683,0,0,[],USD,US Dollars,$,
ca,Canada,Canada,canada,44,1416404,20837,1605,"[{'id': 10, 'name': 'Merlot', 'seo_name': 'merlot', 'has_detailed_info': True, 'wines_count': 566719}, {'id': 2, 'name': 'Cabernet Sauvignon', 'seo_name': 'cabernet-sauvignon', 'has_detailed_info': True, 'wines_count': 801751}, {'id': 5, 'name': 'Chardonnay', 'seo_name': 'chardonnay', 'has_detailed_info': True, 'wines_count': 604208}]",CAD,Canadian Dollars,$,
cv,Cape Verde,Cabo Verde,cape-verde,1,2703,27,6,"[{'id': 1739, 'name': 'Moscatel', 'seo_name': 'moscatel', 'has_detailed_info': False, 'wines_count': 4146}, {'id': 633, 'name': 'Moscato Bianco', 'seo_name': 'moscato-bianco', 'has_detailed_info': False, 'wines_count': 2713}]",USD,US Dollars,$,
ky,Cayman Islands,Cayman Islands,cayman-islands,0,2936,0,0,[],USD,US Dollars,$,
cf,Central African Republic,République Centrafricaine,central-african-republic,0,2286,0,0,[],USD,US Dollars,$,
td,Chad,Tchad,chad,0,373,0,0,[],USD,US Dollars,$,
cl,Chile,Chile,chile,40,310928,55969,5670,"[{'id': 2, 'name': 'Cabernet Sauvignon', 'seo_name': 'cabernet-sauvignon', 'has_detailed_info': True, 'wines_count': 801751}, {'id': 51, 'name': 'Carménère', 'seo_name': 'carmenere', 'has_detailed_info': True, 'wines_count': 50087}, {'id': 10, 'name': 'Merlot', 'seo_name': 'merlot', 'has_detailed_info': True, 'wines_count': 566719}]",CLP,Chiliean Peso,$,
cn,China,中国,china,21,507125,1813,393,"[{'id': 2, 'name': 'Cabernet Sauvignon', 'seo_name': 'cabernet-sauvignon', 'has_detailed_info': True, 'wines_count': 801751}, {'id': 10, 'name': 'Merlot', 'seo_name': 'merlot', 'has_detailed_info': True, 'wines_count': 566719}, {'id': 5, 'name': 'Chardonnay', 'seo_name': 'chardonnay', 'has_detailed_info': True, 'wines_count': 604208}]",CNY,Chinese Yuan,¥,
cx,Christmas Island,Christmas Island,christmas-island,0,257,0,0,[],AUD,Australian Dollars,$,
cc,Cocos (Keeling) Islands,Cocos Islands,cocos-keeling-islands,0,144,0,0,[],AUD,Australian Dollars,$,
co,Colombia,Colombia,colombia,1,190869,129,23,"[{'id': 108, 'name': ""Nero d'Avola"", 'seo_name': 'nero-d-avola', 'has_detailed_info': False, 'wines_count': 19530}, {'id': 2, 'name': 'Cabernet Sauvignon', 'seo_name': 'cabernet-sauvignon', 'has_detailed_info': True, 'wines_count': 801751}, {'id': 10, 'name': 'Merlot', 'seo_name': 'merlot', 'has_detailed_info': True, 'wines_count': 566719}]",COP,Columbian Pesos,$,
km,Comoros,Komori,comoros,0,195,0,0,[],USD,US Dollars,$,
cg,Congo,République du Congo,congo,0,848,0,0,[],USD,US Dollars,$,
ck,Cook Islands,Cook Islands,cook-islands,0,123,0,0,[],NZD,New Zealand Dollars,$,
cr,Costa Rica,Costa Rica,costa-rica,0,63532,34,5,"[{'id': 2, 'name': 'Cabernet Sauvignon', 'seo_name': 'cabernet-sauvignon', 'has_detailed_info': True, 'wines_count': 801751}, {'id': 371, 'name': 'Isabella', 'seo_name': 'isabella', 'has_detailed_info': False, 'wines_count': 1622}, {'id': 10, 'name': 'Merlot', 'seo_name': 'merlot', 'has_detailed_info': True, 'wines_count': 566719}]",USD,US Dollars,$,
hr,Croatia,Hrvatska,croatia,20,57745,7212,943,"[{'id': 632, 'name': 'Plavac Mali', 'seo_name': 'plavac-mali', 'has_detailed_info': False, 'wines_count': 4122}, {'id': 2, 'name': 'Cabernet Sauvignon', 'seo_name': 'cabernet-sauvignon', 'has_detailed_info': True, 'wines_count': 801751}, {'id': 10, 'name': 'Merlot', 'seo_name': 'merlot', 'has_detailed_info': True, 'wines_count': 566719}]",HRK,Croatian Kuna,, kn.
cu,Cuba,Cuba,cuba,0,1527,29,10,"[{'id': 2, 'name': 'Cabernet Sauvignon', 'seo_name': 'cabernet-sauvignon', 'has_detailed_info': True, 'wines_count': 801751}, {'id': 5, 'name': 'Chardonnay', 'seo_name': 'chardonnay', 'has_detailed_info': True, 'wines_count': 604208}, {'id': 10, 'name': 'Merlot', 'seo_name': 'merlot', 'has_detailed_info': True, 'wines_count': 566719}]",USD,US Dollars,$,
cw,Curaçao,Curaçao,curacao,0,2164,4,1,"[{'id': 6, 'name': 'Chenin Blanc', 'seo_name': 'chenin-blanc', 'has_detailed_info': True, 'wines_count': 58427}, {'id': 52, 'name': 'Colombard', 'seo_name': 'colombard', 'has_detailed_info': False, 'wines_count': 9548}, {'id': 1, 'name': 'Shiraz/Syrah', 'seo_name': 'shiraz-syrah', 'has_detailed_info': True, 'wines_count': 551112}]",USD,US Dollars,$,
cy,Cyprus,Κύπρος,cyprus,9,29878,1284,113,"[{'id': 646, 'name': 'Xynisteri', 'seo_name': 'xynisteri', 'has_detailed_info': False, 'wines_count': 780}, {'id': 2, 'name': 'Cabernet Sauvignon', 'seo_name': 'cabernet-sauvignon', 'has_detailed_info': True, 'wines_count': 801751}, {'id': 1, 'name': 'Shiraz/Syrah', 'seo_name': 'shiraz-syrah', 'has_detailed_info': True, 'wines_count': 551112}]",EUR,Euros,€,
cz,Czech Republic,Česko,czech-republic,10,218098,21795,1382,"[{'id': 15, 'name': 'Riesling', 'seo_name': 'riesling', 'has_detailed_info': True, 'wines_count': 262136}, {'id': 5, 'name': 'Chardonnay', 'seo_name': 'chardonnay', 'has_detailed_info': True, 'wines_count': 604208}, {'id': 14, 'name': 'Pinot Noir', 'seo_name': 'pinot-noir', 'has_detailed_info': True, 'wines_count': 572334}]",CZK,Czech Koruny,kč,
cd,Democratic Republic of Congo,République démocratique du Congo,democratic-republic-of-congo,0,1864,0,1,"[{'id': 15, 'name': 'Riesling', 'seo_name': 'riesling', 'has_detailed_info': True, 'wines_count': 262136}]",USD,US Dollars,$,
dk,Denmark,Danmark,denmark,9,2123252,1033,201,"[{'id': 638, 'name': 'Rondo', 'seo_name': 'rondo', 'has_detailed_info': False, 'wines_count': 2395}, {'id': 658, 'name': 'Solaris', 'seo_name': 'solaris', 'has_detailed_info': False, 'wines_count': 4742}, {'id': 631, 'name': 'Leon Millot', 'seo_name': 'leon-millot', 'has_detailed_info': False, 'wines_count': 1055}]",DKK,Danish Kroner,, kr.
dj,Djibouti,جيبوتي,djibouti,0,255,0,0,[],USD,US Dollars,$,
dm,Dominica,Dominica,dominica,0,865,0,0,[],DOP,Dominican Peso,RD$,
do,Dominican Republic,República Dominicana,dominican-republic,0,76861,13,2,"[{'id': 2, 'name': 'Cabernet Sauvignon', 'seo_name': 'cabernet-sauvignon', 'has_detailed_info': True, 'wines_count': 801751}, {'id': 19, 'name': 'Tempranillo', 'seo_name': 'tempranillo', 'has_detailed_info': True, 'wines_count': 172842}, {'id': 17, 'name': 'Sauvignon Blanc', 'seo_name': 'sauvignon-blanc', 'has_detailed_info': True, 'wines_count': 292440}]",DOP,Dominican Peso,RD$,
tl,East Timor,East Timor,east-timor,0,205,0,0,[],USD,US Dollars,$,
ec,Ecuador,Ecuador,ecuador,2,46647,82,9,"[{'id': 2, 'name': 'Cabernet Sauvignon', 'seo_name': 'cabernet-sauvignon', 'has_detailed_info': True, 'wines_count': 801751}, {'id': 10, 'name': 'Merlot', 'seo_name': 'merlot', 'has_detailed_info': True, 'wines_count': 566719}, {'id': 9, 'name': 'Malbec', 'seo_name': 'malbec', 'has_detailed_info': True, 'wines_count': 219735}]",USD,US Dollars,$,
eg,Egypt,مصر,egypt,0,6752,88,13,"[{'id': 2, 'name': 'Cabernet Sauvignon', 'seo_name': 'cabernet-sauvignon', 'has_detailed_info': True, 'wines_count': 801751}, {'id': 1, 'name': 'Shiraz/Syrah', 'seo_name': 'shiraz-syrah', 'has_detailed_info': True, 'wines_count': 551112}, {'id': 20, 'name': 'Viognier', 'seo_name': 'viognier', 'has_detailed_info': True, 'wines_count': 89216}]",USD,US Dollars,$,
sv,El Salvador,El Salvador,el-salvador,0,11052,0,0,[],USD,US Dollars,$,
gq,Equatorial Guinea,Guinea Ecuatorial,equatorial-guinea,0,353,0,0,[],USD,US Dollars,$,
er,Eritrea,إرتريا,eritrea,0,701,0,0,[],USD,US Dollars,$,
ee,Estonia,Eesti,estonia,0,98092,42,13,"[{'id': 658, 'name': 'Solaris', 'seo_name': 'solaris', 'has_detailed_info': False, 'wines_count': 4742}, {'id': 5, 'name': 'Chardonnay', 'seo_name': 'chardonnay', 'has_detailed_info': True, 'wines_count': 604208}, {'id': 10, 'name': 'Merlot', 'seo_name': 'merlot', 'has_detailed_info': True, 'wines_count': 566719}]",EUR,Euros,€,
et,Ethiopia,ኢትዮጵያ,ethiopia,0,882,27,5,"[{'id': 1, 'name': 'Shiraz/Syrah', 'seo_name': 'shiraz-syrah', 'has_detailed_info': True, 'wines_count': 551112}, {'id': 2, 'name': 'Cabernet Sauvignon', 'seo_name': 'cabernet-sauvignon', 'has_detailed_info': True, 'wines_count': 801751}, {'id': 10, 'name': 'Merlot', 'seo_name': 'merlot', 'has_detailed_info': True, 'wines_count': 566719}]",USD,US Dollars,$,
fk,Falkland Islands (Malvinas),Falkland Islands,falkland-islands-malvinas,0,196,1,1,"[{'id': 1, 'name': 'Shiraz/Syrah', 'seo_name': 'shiraz-syrah', 'has_detailed_info': True, 'wines_count': 551112}]",USD,US Dollars,$,
fo,Faroe Islands,Føroyar,faroe-islands,0,10089,0,0,[],DKK,Danish Kroner,, kr.
fj,Fiji,Fiji,fiji,0,1408,0,0,[],USD,US Dollars,$,
fi,Finland,Suomi,finland,0,150502,64,16,"[{'id': 14, 'name': 'Pinot Noir', 'seo_name': 'pinot-noir', 'has_detailed_info': True, 'wines_count': 572334}, {'id': 5, 'name': 'Chardonnay', 'seo_name': 'chardonnay', 'has_detailed_info': True, 'wines_count': 604208}, {'id': 221, 'name': 'Blaufränkisch', 'seo_name': 'blaufrankisch', 'has_detailed_info': False, 'wines_count': 20989}]",EUR,Euros,€,
fr,France,France,france,1304,5481327,565111,67550,"[{'id': 14, 'name': 'Pinot Noir', 'seo_name': 'pinot-noir', 'has_detailed_info': True, 'wines_count': 572334}, {'id': 10, 'name': 'Merlot', 'seo_name': 'merlot', 'has_detailed_info': True, 'wines_count': 566719}, {'id': 5, 'name': 'Chardonnay', 'seo_name': 'chardonnay', 'has_detailed_info': True, 'wines_count': 604208}]",EUR,Euros,€,
gf,French Guiana,Guyane,french-guiana,0,3739,0,0,[],EUR,Euros,€,
pf,French Polynesia,Polynésie française,french-polynesia,2,5823,17,1,"[{'id': 41, 'name': 'Carignan', 'seo_name': 'carignane', 'has_detailed_info': True, 'wines_count': 59630}, {'id': 11, 'name': 'Muscat Blanc', 'seo_name': 'muscat-blanc', 'has_detailed_info': False, 'wines_count': 31075}, {'id': 1258, 'name': 'Muscat Hamburg', 'seo_name': 'muscat-of-hamburg', 'has_detailed_info': False, 'wines_count': 759}]",USD,US Dollars,$,
tf,French Southern Territories,Terres australes et antarctiques françaises,french-southern-territories,0,2946,0,0,[],EUR,Euros,€,
ga,Gabon,République gabonaise,gabon,0,3937,1,1,[],USD,US Dollars,$,
gm,Gambia,The Gambia,gambia,0,198,0,0,[],USD,US Dollars,$,
ge,Georgia,საქართველო,georgia,36,11618,10429,1404,"[{'id': 643, 'name': 'Saperavi', 'seo_name': 'saperavi', 'has_detailed_info': False, 'wines_count': 17573}, {'id': 248, 'name': 'Rkatsiteli', 'seo_name': 'rkatsiteli', 'has_detailed_info': False, 'wines_count': 8494}, {'id': 1255, 'name': 'Mtsvane Kakhuri', 'seo_name': 'mtsvane-kakhuri', 'has_detailed_info': False, 'wines_count': 2491}]",GEL,Georgia Lari,,GEL
de,Germany,Deutschland,germany,210,2355221,208681,13635,"[{'id': 15, 'name': 'Riesling', 'seo_name': 'riesling', 'has_detailed_info': True, 'wines_count': 262136}, {'id': 299, 'name': 'Spätburgunder', 'seo_name': 'spatburgunder', 'has_detailed_info': False, 'wines_count': 50164}, {'id': 355, 'name': 'Weissburgunder', 'seo_name': 'weissburgunder', 'has_detailed_info': False, 'wines_count': 33464}]",EUR,Euros,€,
gh,Ghana,Ghana,ghana,0,3048,1,1,[],USD,US Dollars,$,
gi,Gibraltar,Gibraltar,gibraltar,0,4494,0,0,[],GBP,British Pounds,£,
gr,Greece,Ελλάς,greece,138,86108,11311,1269,"[{'id': 216, 'name': 'Agiorgitiko', 'seo_name': 'agiorgitiko', 'has_detailed_info': False, 'wines_count': 3476}, {'id': 2, 'name': 'Cabernet Sauvignon', 'seo_name': 'cabernet-sauvignon', 'has_detailed_info': True, 'wines_count': 801751}, {'id': 10, 'name': 'Merlot', 'seo_name': 'merlot', 'has_detailed_info': True, 'wines_count': 566719}]",EUR,Euros,€,
gl,Greenland,Kalaallit Nunaat,greenland,0,3038,0,0,[],DKK,Danish Kroner,, kr.
gd,Grenada,Grenada,grenada,0,328,0,0,[],USD,US Dollars,$,
gp,Guadeloupe,Guadeloupe,guadeloupe,0,4227,0,0,[],USD,US Dollars,$,
gu,Guam,Guam,guam,0,1603,0,0,[],USD,US Dollars,$,
gt,Guatemala,Guatemala,guatemala,0,35509,1,1,"[{'id': 80, 'name': 'Gamay', 'seo_name': 'gamay', 'has_detailed_info': False, 'wines_count': 60138}]",USD,US Dollars,$,
gg,Guernsey,Guernsey,guernsey,0,1873,0,0,[],GBP,British Pounds,£,
gn,Guinea,Guinée,guinea,0,265,0,0,[],USD,US Dollars,$,
gw,Guinea-Bissau,Guiné-Bissau,guinea-bissau,0,438,0,0,[],USD,US Dollars,$,
gy,Guyana,Guyana,guyana,0,320,0,0,[],USD,US Dollars,$,
ht,Haiti,Haïti,haiti,0,1522,0,0,[],USD,US Dollars,$,
hm,Heard and McDonald Islands,Heard and McDonald Islands,heard-and-mcdonald-islands,0,145,0,0,[],USD,US Dollars,$,
va,Holy See,Santa Sede,vatican-city-state-holy-see,0,1022,0,0,[],EUR,Euros,€,
hn,Honduras,Honduras,honduras,0,10833,2,1,[],USD,US Dollars,$,
hk,Hong Kong,Hong Kong,hong-kong,0,518239,44,16,"[{'id': 2, 'name': 'Cabernet Sauvignon', 'seo_name': 'cabernet-sauvignon', 'has_detailed_info': True, 'wines_count': 801751}, {'id': 10, 'name': 'Merlot', 'seo_name': 'merlot', 'has_detailed_info': True, 'wines_count': 566719}, {'id': 1, 'name': 'Shiraz/Syrah', 'seo_name': 'shiraz-syrah', 'has_detailed_info': True, 'wines_count': 551112}]",HKD,Hong Kong Dollars,HK$,
hu,Hungary,Magyarország,hungary,29,92715,20691,1887,"[{'id': 394, 'name': 'Furmint', 'seo_name': 'furmint', 'has_detailed_info': False, 'wines_count': 11130}, {'id': 2, 'name': 'Cabernet Sauvignon', 'seo_name': 'cabernet-sauvignon', 'has_detailed_info': True, 'wines_count': 801751}, {'id': 10, 'name': 'Merlot', 'seo_name': 'merlot', 'has_detailed_info': True, 'wines_count': 566719}]",HUF,Hungarian Forints,, Ft.
is,Iceland,Ísland,iceland,0,47736,4,3,"[{'id': 1, 'name': 'Shiraz/Syrah', 'seo_name': 'shiraz-syrah', 'has_detailed_info': True, 'wines_count': 551112}, {'id': 14, 'name': 'Pinot Noir', 'seo_name': 'pinot-noir', 'has_detailed_info': True, 'wines_count': 572334}]",ISK,Icelandic Krona,, kr.
in,India,ভাৰত,india,11,100532,716,114,"[{'id': 1, 'name': 'Shiraz/Syrah', 'seo_name': 'shiraz-syrah', 'has_detailed_info': True, 'wines_count': 551112}, {'id': 2, 'name': 'Cabernet Sauvignon', 'seo_name': 'cabernet-sauvignon', 'has_detailed_info': True, 'wines_count': 801751}, {'id': 6, 'name': 'Chenin Blanc', 'seo_name': 'chenin-blanc', 'has_detailed_info': True, 'wines_count': 58427}]",INR,Indian Rupees,Rs,
id,Indonesia,Indonesia,indonesia,0,45420,35,4,"[{'id': 11, 'name': 'Muscat Blanc', 'seo_name': 'muscat-blanc', 'has_detailed_info': False, 'wines_count': 31075}, {'id': 260, 'name': 'Malvasia Nera', 'seo_name': 'malvasia-nera', 'has_detailed_info': False, 'wines_count': 3876}, {'id': 1, 'name': 'Shiraz/Syrah', 'seo_name': 'shiraz-syrah', 'has_detailed_info': True, 'wines_count': 551112}]",IDR,Indonesia Rupiah,Rp,
ir,Iran,ایران,iran,0,3573,0,0,[],USD,US Dollars,$,
iq,Iraq,العراق,iraq,0,2763,0,0,[],USD,US Dollars,$,
ie,Ireland,Éire,ireland,2,315235,32,10,"[{'id': 638, 'name': 'Rondo', 'seo_name': 'rondo', 'has_detailed_info': False, 'wines_count': 2395}, {'id': 2, 'name': 'Cabernet Sauvignon', 'seo_name': 'cabernet-sauvignon', 'has_detailed_info': True, 'wines_count': 801751}, {'id': 10, 'name': 'Merlot', 'seo_name': 'merlot', 'has_detailed_info': True, 'wines_count': 566719}]",EUR,Euros,€,
im,Isle of Man,Isle of Man,isle-of-man,0,1150,3,1,[],USD,US Dollars,$,
il,Israel,יִשְׂרָאֵל,israel,19,133098,6260,519,"[{'id': 2, 'name': 'Cabernet Sauvignon', 'seo_name': 'cabernet-sauvignon', 'has_detailed_info': True, 'wines_count': 801751}, {'id': 10, 'name': 'Merlot', 'seo_name': 'merlot', 'has_detailed_info': True, 'wines_count': 566719}, {'id': 1, 'name': 'Shiraz/Syrah', 'seo_name': 'shiraz-syrah', 'has_detailed_info': True, 'wines_count': 551112}]",ILS,Israel Sheqel,₪,
it,Italy,Italia,italy,560,4042940,369915,42054,"[{'id': 16, 'name': 'Sangiovese', 'seo_name': 'sangiovese', 'has_detailed_info': True, 'wines_count': 125094}, {'id': 10, 'name': 'Merlot', 'seo_name': 'merlot', 'has_detailed_info': True, 'wines_count': 566719}, {'id': 5, 'name': 'Chardonnay', 'seo_name': 'chardonnay', 'has_detailed_info': True, 'wines_count': 604208}]",EUR,Euros,€,
ci,Ivory Coast,Côte d'Ivoire,ivory-coast,0,26896,0,0,[],USD,US Dollars,$,
jm,Jamaica,Jamaica,jamaica,0,3216,2,2,[],USD,US Dollars,$,
jp,Japan,日本,japan,5,798203,7258,506,"[{'id': 1116, 'name': 'Koshu', 'seo_name': 'koshu', 'has_detailed_info': False, 'wines_count': 6891}, {'id': 10, 'name': 'Merlot', 'seo_name': 'merlot', 'has_detailed_info': True, 'wines_count': 566719}, {'id': 5, 'name': 'Chardonnay', 'seo_name': 'chardonnay', 'has_detailed_info': True, 'wines_count': 604208}]",JPY,Japanese Yen,¥,
je,Jersey,Jersey,jersey,0,3137,0,0,[],GBP,British Pounds,£,
jo,Jordan,الأردن,jordan,1,4485,130,7,"[{'id': 1, 'name': 'Shiraz/Syrah', 'seo_name': 'shiraz-syrah', 'has_detailed_info': True, 'wines_count': 551112}, {'id': 2, 'name': 'Cabernet Sauvignon', 'seo_name': 'cabernet-sauvignon', 'has_detailed_info': True, 'wines_count': 801751}, {'id': 10, 'name': 'Merlot', 'seo_name': 'merlot', 'has_detailed_info': True, 'wines_count': 566719}]",USD,US Dollars,$,
kz,Kazakhstan,Қазақстан,kazakhstan,1,49614,134,12,"[{'id': 14, 'name': 'Pinot Noir', 'seo_name': 'pinot-noir', 'has_detailed_info': True, 'wines_count': 572334}, {'id': 5, 'name': 'Chardonnay', 'seo_name': 'chardonnay', 'has_detailed_info': True, 'wines_count': 604208}, {'id': 15, 'name': 'Riesling', 'seo_name': 'riesling', 'has_detailed_info': True, 'wines_count': 262136}]",USD,US Dollars,$,
ke,Kenya,Kenya,kenya,0,15988,20,6,"[{'id': 17, 'name': 'Sauvignon Blanc', 'seo_name': 'sauvignon-blanc', 'has_detailed_info': True, 'wines_count': 292440}, {'id': 1, 'name': 'Shiraz/Syrah', 'seo_name': 'shiraz-syrah', 'has_detailed_info': True, 'wines_count': 551112}, {'id': 6, 'name': 'Chenin Blanc', 'seo_name': 'chenin-blanc', 'has_detailed_info': True, 'wines_count': 58427}]",USD,US Dollars,$,
ki,Kiribati,Kiribati,kiribati,0,132,0,0,[],AUD,Australian Dollars,$,
kp,Korea (North),조선,korea-north,0,3764,26,15,"[{'id': 825, 'name': 'Campbell Early', 'seo_name': 'campbell-early', 'has_detailed_info': False, 'wines_count': 639}, {'id': 1257, 'name': 'Muscat Bailey A', 'seo_name': 'muscat-bailey-a', 'has_detailed_info': False, 'wines_count': 5124}, {'id': 154, 'name': 'Muscat Noir', 'seo_name': 'muscat-noir', 'has_detailed_info': False, 'wines_count': 1156}]",USD,US Dollars,$,
kr,Korea (South),한국,korea-south,0,810591,61,21,"[{'id': 825, 'name': 'Campbell Early', 'seo_name': 'campbell-early', 'has_detailed_info': False, 'wines_count': 639}, {'id': 1257, 'name': 'Muscat Bailey A', 'seo_name': 'muscat-bailey-a', 'has_detailed_info': False, 'wines_count': 5124}, {'id': 5, 'name': 'Chardonnay', 'seo_name': 'chardonnay', 'has_detailed_info': True, 'wines_count': 604208}]",KRW,South Korean Won,₩,
xk,Kosovo,Kosova,kosovo,18,1771,261,35,"[{'id': 625, 'name': 'Vranac', 'seo_name': 'vranac', 'has_detailed_info': False, 'wines_count': 2831}, {'id': 2, 'name': 'Cabernet Sauvignon', 'seo_name': 'cabernet-sauvignon', 'has_detailed_info': True, 'wines_count': 801751}, {'id': 15, 'name': 'Riesling', 'seo_name': 'riesling', 'has_detailed_info': True, 'wines_count': 262136}]",EUR,Euros,€,
kw,Kuwait,الكويت‎,kuwait,0,3439,4,1,"[{'id': 80, 'name': 'Gamay', 'seo_name': 'gamay', 'has_detailed_info': False, 'wines_count': 60138}, {'id': 625, 'name': 'Vranac', 'seo_name': 'vranac', 'has_detailed_info': False, 'wines_count': 2831}]",USD,US Dollars,$,
kg,Kyrgyzstan,Кыргызстан,kyrgyzstan,0,3443,15,4,"[{'id': 643, 'name': 'Saperavi', 'seo_name': 'saperavi', 'has_detailed_info': False, 'wines_count': 17573}, {'id': 2, 'name': 'Cabernet Sauvignon', 'seo_name': 'cabernet-sauvignon', 'has_detailed_info': True, 'wines_count': 801751}, {'id': 15, 'name': 'Riesling', 'seo_name': 'riesling', 'has_detailed_info': True, 'wines_count': 262136}]",USD,US Dollars,$,
la,Laos,ປະເທດລາວ,laos,0,3553,1,1,"[{'id': 2, 'name': 'Cabernet Sauvignon', 'seo_name': 'cabernet-sauvignon', 'has_detailed_info': True, 'wines_count': 801751}]",USD,US Dollars,$,
lv,Latvia,Latvija,latvia,0,85643,105,17,"[{'id': 5, 'name': 'Chardonnay', 'seo_name': 'chardonnay', 'has_detailed_info': True, 'wines_count': 604208}, {'id': 17, 'name': 'Sauvignon Blanc', 'seo_name': 'sauvignon-blanc', 'has_detailed_info': True, 'wines_count': 292440}, {'id': 16, 'name': 'Sangiovese', 'seo_name': 'sangiovese', 'has_detailed_info': True, 'wines_count': 125094}]",EUR,Euros,€,
lb,Lebanon,لبنان,lebanon,7,28627,1042,142,"[{'id': 2, 'name': 'Cabernet Sauvignon', 'seo_name': 'cabernet-sauvignon', 'has_detailed_info': True, 'wines_count': 801751}, {'id': 1, 'name': 'Shiraz/Syrah', 'seo_name': 'shiraz-syrah', 'has_detailed_info': True, 'wines_count': 551112}, {'id': 75, 'name': 'Cinsault', 'seo_name': 'cinsault', 'has_detailed_info': False, 'wines_count': 49347}]",USD,US Dollars,$,
ls,Lesotho,Lesotho,lesotho,0,383,2,2,"[{'id': 6, 'name': 'Chenin Blanc', 'seo_name': 'chenin-blanc', 'has_detailed_info': True, 'wines_count': 58427}, {'id': 62, 'name': 'Pinotage', 'seo_name': 'pinotage', 'has_detailed_info': False, 'wines_count': 17467}]",USD,US Dollars,$,
lr,Liberia,Liberia,liberia,0,500,1,1,[],USD,US Dollars,$,
ly,Libya,ليبيا‎,libya,0,409,0,0,[],USD,US Dollars,$,
li,Liechtenstein,Liechtenstein,liechtenstein,2,4758,80,10,"[{'id': 14, 'name': 'Pinot Noir', 'seo_name': 'pinot-noir', 'has_detailed_info': True, 'wines_count': 572334}, {'id': 5, 'name': 'Chardonnay', 'seo_name': 'chardonnay', 'has_detailed_info': True, 'wines_count': 604208}, {'id': 10, 'name': 'Merlot', 'seo_name': 'merlot', 'has_detailed_info': True, 'wines_count': 566719}]",CHF,Swiss Francs,, fr.
lt,Lithuania,Lietuva,lithuania,0,94290,130,13,"[{'id': 5, 'name': 'Chardonnay', 'seo_name': 'chardonnay', 'has_detailed_info': True, 'wines_count': 604208}, {'id': 11, 'name': 'Muscat Blanc', 'seo_name': 'muscat-blanc', 'has_detailed_info': False, 'wines_count': 31075}, {'id': 59, 'name': 'Moscato', 'seo_name': 'moscato', 'has_detailed_info': False, 'wines_count': 34267}]",EUR,Euros,€,
lu,Luxembourg,Lëtzebuerg,luxembourg,6,95602,2858,164,"[{'id': 15, 'name': 'Riesling', 'seo_name': 'riesling', 'has_detailed_info': True, 'wines_count': 262136}, {'id': 13, 'name': 'Pinot Gris', 'seo_name': 'pinot-gris', 'has_detailed_info': True, 'wines_count': 72677}, {'id': 14, 'name': 'Pinot Noir', 'seo_name': 'pinot-noir', 'has_detailed_info': True, 'wines_count': 572334}]",EUR,Euros,€,
mo,Macau,澳門,macau,0,18400,0,1,[],HKD,Hong Kong Dollars,HK$,
mg,Madagascar,Madagasikara,madagascar,0,1040,31,7,[],USD,US Dollars,$,
mw,Malawi,Malawi,malawi,0,495,1,1,"[{'id': 10, 'name': 'Merlot', 'seo_name': 'merlot', 'has_detailed_info': True, 'wines_count': 566719}, {'id': 777, 'name': 'Bondola', 'seo_name': 'bondola', 'has_detailed_info': False, 'wines_count': 125}]",USD,US Dollars,$,
my,Malaysia,Malaysia,malaysia,0,132893,8,2,"[{'id': 10, 'name': 'Merlot', 'seo_name': 'merlot', 'has_detailed_info': True, 'wines_count': 566719}, {'id': 2, 'name': 'Cabernet Sauvignon', 'seo_name': 'cabernet-sauvignon', 'has_detailed_info': True, 'wines_count': 801751}]",MYR,Malaysian Ringgit,RM,
mv,Maldives,ދިވެހިރާއްޖެ,maldives,0,2516,0,0,[],USD,US Dollars,$,
ml,Mali,Mali,mali,0,376,0,0,[],USD,US Dollars,$,
mt,Malta,Malta,malta,3,27327,641,45,"[{'id': 10, 'name': 'Merlot', 'seo_name': 'merlot', 'has_detailed_info': True, 'wines_count': 566719}, {'id': 2, 'name': 'Cabernet Sauvignon', 'seo_name': 'cabernet-sauvignon', 'has_detailed_info': True, 'wines_count': 801751}, {'id': 1, 'name': 'Shiraz/Syrah', 'seo_name': 'shiraz-syrah', 'has_detailed_info': True, 'wines_count': 551112}]",EUR,Euros,€,
mh,Marshall Islands,Aorōkin M̧ajeļ,marshall-islands,0,208,0,0,[],USD,US Dollars,$,
mq,Martinique,Martinique,martinique,0,3256,0,0,[],USD,US Dollars,$,
mr,Mauritania,موريتانيا,mauritania,0,842,0,0,[],USD,US Dollars,$,
mu,Mauritius,Mauritius,mauritius,0,13147,60,6,"[{'id': 1, 'name': 'Shiraz/Syrah', 'seo_name': 'shiraz-syrah', 'has_detailed_info': True, 'wines_count': 551112}, {'id': 5, 'name': 'Chardonnay', 'seo_name': 'chardonnay', 'has_detailed_info': True, 'wines_count': 604208}, {'id': 6, 'name': 'Chenin Blanc', 'seo_name': 'chenin-blanc', 'has_detailed_info': True, 'wines_count': 58427}]",USD,US Dollars,$,
yt,Mayotte,Mayotte,mayotte,0,282,0,0,[],EUR,Euros,€,
mx,Mexico,México,mexico,21,1193013,6943,1042,"[{'id': 2, 'name': 'Cabernet Sauvignon', 'seo_name': 'cabernet-sauvignon', 'has_detailed_info': True, 'wines_count': 801751}, {'id': 10, 'name': 'Merlot', 'seo_name': 'merlot', 'has_detailed_info': True, 'wines_count': 566719}, {'id': 19, 'name': 'Tempranillo', 'seo_name': 'tempranillo', 'has_detailed_info': True, 'wines_count': 172842}]",MXN,Mexican Pesos,$,
fm,Micronesia,Micronesia,micronesia,0,363,0,0,[],USD,US Dollars,$,
md,Moldova,Moldova,moldova,5,11948,5844,401,"[{'id': 2, 'name': 'Cabernet Sauvignon', 'seo_name': 'cabernet-sauvignon', 'has_detailed_info': True, 'wines_count': 801751}, {'id': 10, 'name': 'Merlot', 'seo_name': 'merlot', 'has_detailed_info': True, 'wines_count': 566719}, {'id': 5, 'name': 'Chardonnay', 'seo_name': 'chardonnay', 'has_detailed_info': True, 'wines_count': 604208}]",USD,US Dollars,$,
mc,Monaco,Monaco,monaco,0,5238,0,2,"[{'id': 1, 'name': 'Shiraz/Syrah', 'seo_name': 'shiraz-syrah', 'has_detailed_info': True, 'wines_count': 551112}, {'id': 8, 'name': 'Grenache', 'seo_name': 'grenache-noir', 'has_detailed_info': True, 'wines_count': 240002}]",EUR,Euros,€,
mn,Mongolia,Монгол Улс,mongolia,0,6083,5,2,"[{'id': 2, 'name': 'Cabernet Sauvignon', 'seo_name': 'cabernet-sauvignon', 'has_detailed_info': True, 'wines_count': 801751}, {'id': 10, 'name': 'Merlot', 'seo_name': 'merlot', 'has_detailed_info': True, 'wines_count': 566719}]",USD,US Dollars,$,
me,Montenegro,Crna Gora,montenegro,2,6645,348,59,"[{'id': 625, 'name': 'Vranac', 'seo_name': 'vranac', 'has_detailed_info': False, 'wines_count': 2831}, {'id': 5, 'name': 'Chardonnay', 'seo_name': 'chardonnay', 'has_detailed_info': True, 'wines_count': 604208}, {'id': 2, 'name': 'Cabernet Sauvignon', 'seo_name': 'cabernet-sauvignon', 'has_detailed_info': True, 'wines_count': 801751}]",USD,US Dollars,$,
ms,Montserrat,Montserrat,montserrat,0,491,0,0,[],USD,US Dollars,$,
ma,Morocco,المغرب,morocco,21,13954,490,45,"[{'id': 1, 'name': 'Shiraz/Syrah', 'seo_name': 'shiraz-syrah', 'has_detailed_info': True, 'wines_count': 551112}, {'id': 2, 'name': 'Cabernet Sauvignon', 'seo_name': 'cabernet-sauvignon', 'has_detailed_info': True, 'wines_count': 801751}, {'id': 8, 'name': 'Grenache', 'seo_name': 'grenache-noir', 'has_detailed_info': True, 'wines_count': 240002}]",USD,US Dollars,$,
mz,Mozambique,Moçambique,mozambique,0,7797,0,0,[],USD,US Dollars,$,
mm,Myanmar,မြန်မာ,burma-myanmar,0,4400,50,2,"[{'id': 1, 'name': 'Shiraz/Syrah', 'seo_name': 'shiraz-syrah', 'has_detailed_info': True, 'wines_count': 551112}, {'id': 17, 'name': 'Sauvignon Blanc', 'seo_name': 'sauvignon-blanc', 'has_detailed_info': True, 'wines_count': 292440}, {'id': 11, 'name': 'Muscat Blanc', 'seo_name': 'muscat-blanc', 'has_detailed_info': False, 'wines_count': 31075}]",USD,US Dollars,$,
na,Namibia,Namibia,namibia,0,4748,41,10,"[{'id': 1, 'name': 'Shiraz/Syrah', 'seo_name': 'shiraz-syrah', 'has_detailed_info': True, 'wines_count': 551112}, {'id': 2, 'name': 'Cabernet Sauvignon', 'seo_name': 'cabernet-sauvignon', 'has_detailed_info': True, 'wines_count': 801751}, {'id': 52, 'name': 'Colombard', 'seo_name': 'colombard', 'has_detailed_info': False, 'wines_count': 9548}]",USD,US Dollars,$,
nr,Nauru,Nauru,nauru,0,715,0,0,[],AUD,Australian Dollars,$,
np,Nepal,नेपाल,nepal,0,2656,25,10,"[{'id': 2, 'name': 'Cabernet Sauvignon', 'seo_name': 'cabernet-sauvignon', 'has_detailed_info': True, 'wines_count': 801751}, {'id': 10, 'name': 'Merlot', 'seo_name': 'merlot', 'has_detailed_info': True, 'wines_count': 566719}, {'id': 5, 'name': 'Chardonnay', 'seo_name': 'chardonnay', 'has_detailed_info': True, 'wines_count': 604208}]",USD,US Dollars,$,
nl,Netherlands,Nederland,netherlands,19,2278653,1811,309,"[{'id': 1073, 'name': 'Johanniter', 'seo_name': 'johanniter', 'has_detailed_info': False, 'wines_count': 2851}, {'id': 658, 'name': 'Solaris', 'seo_name': 'solaris', 'has_detailed_info': False, 'wines_count': 4742}, {'id': 285, 'name': 'Regent', 'seo_name': 'regent', 'has_detailed_info': False, 'wines_count': 7051}]",EUR,Euros,€,
an,Netherlands Antilles,Netherlands Antilles,netherlands-antilles,0,1687,2,1,"[{'id': 1073, 'name': 'Johanniter', 'seo_name': 'johanniter', 'has_detailed_info': False, 'wines_count': 2851}, {'id': 658, 'name': 'Solaris', 'seo_name': 'solaris', 'has_detailed_info': False, 'wines_count': 4742}]",USD,US Dollars,$,
nc,New Caledonia,Nouvelle-Calédonie,new-caledonia,0,5628,0,0,[],USD,US Dollars,$,
nz,New Zealand,New Zealand,new-zealand,38,93125,19163,2968,"[{'id': 14, 'name': 'Pinot Noir', 'seo_name': 'pinot-noir', 'has_detailed_info': True, 'wines_count': 572334}, {'id': 17, 'name': 'Sauvignon Blanc', 'seo_name': 'sauvignon-blanc', 'has_detailed_info': True, 'wines_count': 292440}, {'id': 5, 'name': 'Chardonnay', 'seo_name': 'chardonnay', 'has_detailed_info': True, 'wines_count': 604208}]",NZD,New Zealand Dollars,$,
ni,Nicaragua,Nicaragua,nicaragua,0,4870,0,0,[],USD,US Dollars,$,
ne,Niger,Niger,niger,0,243,0,0,[],USD,US Dollars,$,
ng,Nigeria,Nigeria,nigeria,0,7550,4,2,[],USD,US Dollars,$,
nu,Niue,Niuē,niue,0,61,0,0,[],NZD,New Zealand Dollars,$,
nf,Norfolk Island,Norfolk Island,norfolk-island,0,300,12,1,"[{'id': 5, 'name': 'Chardonnay', 'seo_name': 'chardonnay', 'has_detailed_info': True, 'wines_count': 604208}, {'id': 10, 'name': 'Merlot', 'seo_name': 'merlot', 'has_detailed_info': True, 'wines_count': 566719}, {'id': 2, 'name': 'Cabernet Sauvignon', 'seo_name': 'cabernet-sauvignon', 'has_detailed_info': True, 'wines_count': 801751}]",AUD,Australian Dollars,$,
mk,North Macedonia,Македонија,macedonia,21,7018,1399,124,"[{'id': 625, 'name': 'Vranac', 'seo_name': 'vranac', 'has_detailed_info': False, 'wines_count': 2831}, {'id': 2, 'name': 'Cabernet Sauvignon', 'seo_name': 'cabernet-sauvignon', 'has_detailed_info': True, 'wines_count': 801751}, {'id': 10, 'name': 'Merlot', 'seo_name': 'merlot', 'has_detailed_info': True, 'wines_count': 566719}]",MKD,Macedonian Denar,, ден.
mp,Northern Mariana Islands,Northern Mariana Islands,northern-mariana-islands,0,660,0,0,[],USD,US Dollars,$,
no,Norway,Norge,norway,2,739214,37,15,"[{'id': 658, 'name': 'Solaris', 'seo_name': 'solaris', 'has_detailed_info': False, 'wines_count': 4742}, {'id': 14, 'name': 'Pinot Noir', 'seo_name': 'pinot-noir', 'has_detailed_info': True, 'wines_count': 572334}, {'id': 638, 'name': 'Rondo', 'seo_name': 'rondo', 'has_detailed_info': False, 'wines_count': 2395}]",NOK,Norwegian Kroner,, kr.
om,Oman,عُمان,oman,0,2830,1,1,[],USD,US Dollars,$,
pk,Pakistan,پاکستان,pakistan,0,2903,0,0,[],USD,US Dollars,$,
pw,Palau,Belau,palau,0,371,0,0,[],USD,US Dollars,$,
ps,"Palestinian Territory, Occupied",فلسطين,palestinian-territory-occupied,2,1572,77,5,"[{'id': 2, 'name': 'Cabernet Sauvignon', 'seo_name': 'cabernet-sauvignon', 'has_detailed_info': True, 'wines_count': 801751}, {'id': 10, 'name': 'Merlot', 'seo_name': 'merlot', 'has_detailed_info': True, 'wines_count': 566719}, {'id': 1, 'name': 'Shiraz/Syrah', 'seo_name': 'shiraz-syrah', 'has_detailed_info': True, 'wines_count': 551112}]",USD,US Dollars,$,
pa,Panama,Panamá,panama,0,31769,3,1,[],USD,US Dollars,$,
pg,Papua New Guinea,Papua New Guinea,papua-new-guinea,0,374,1,1,"[{'id': 371, 'name': 'Isabella', 'seo_name': 'isabella', 'has_detailed_info': False, 'wines_count': 1622}]",USD,US Dollars,$,
py,Paraguay,Paraguay,paraguay,0,28044,22,4,"[{'id': 3, 'name': 'Cabernet Franc', 'seo_name': 'cabernet-franc', 'has_detailed_info': True, 'wines_count': 269578}, {'id': 2, 'name': 'Cabernet Sauvignon', 'seo_name': 'cabernet-sauvignon', 'has_detailed_info': True, 'wines_count': 801751}, {'id': 9, 'name': 'Malbec', 'seo_name': 'malbec', 'has_detailed_info': True, 'wines_count': 219735}]",USD,US Dollars,$,
pe,Peru,Perú,peru,1,108039,666,139,"[{'id': 9, 'name': 'Malbec', 'seo_name': 'malbec', 'has_detailed_info': True, 'wines_count': 219735}, {'id': 2, 'name': 'Cabernet Sauvignon', 'seo_name': 'cabernet-sauvignon', 'has_detailed_info': True, 'wines_count': 801751}, {'id': 1390, 'name': 'Quebranta', 'seo_name': 'quebranta', 'has_detailed_info': False, 'wines_count': 164}]",PEN,Peruvian Nuevo Sol,S/.,
ph,Philippines,Pilipinas,philippines,1,63790,30,6,"[{'id': 10, 'name': 'Merlot', 'seo_name': 'merlot', 'has_detailed_info': True, 'wines_count': 566719}, {'id': 2, 'name': 'Cabernet Sauvignon', 'seo_name': 'cabernet-sauvignon', 'has_detailed_info': True, 'wines_count': 801751}, {'id': 5, 'name': 'Chardonnay', 'seo_name': 'chardonnay', 'has_detailed_info': True, 'wines_count': 604208}]",PHP,Philippine Pesos,₱,
pn,Pitcairn,Pitcairn Islands,pitcairn,0,818,0,0,[],USD,US Dollars,$,
pl,Poland,Polska,poland,8,714615,2207,323,"[{'id': 285, 'name': 'Regent', 'seo_name': 'regent', 'has_detailed_info': False, 'wines_count': 7051}, {'id': 658, 'name': 'Solaris', 'seo_name': 'solaris', 'has_detailed_info': False, 'wines_count': 4742}, {'id': 15, 'name': 'Riesling', 'seo_name': 'riesling', 'has_detailed_info': True, 'wines_count': 262136}]",PLN,Polish Zloty,, zł.
pt,Portugal,Portugal,portugal,91,1040773,54012,5801,"[{'id': 67, 'name': 'Touriga Nacional', 'seo_name': 'touriga-nacional', 'has_detailed_info': True, 'wines_count': 85787}, {'id': 68, 'name': 'Touriga Franca', 'seo_name': 'touriga-franca', 'has_detailed_info': False, 'wines_count': 33763}, {'id': 69, 'name': 'Tinta Roriz', 'seo_name': 'tinta-roriz', 'has_detailed_info': False, 'wines_count': 41047}]",EUR,Euros,€,
pr,Puerto Rico,Puerto Rico,puerto-rico,0,78399,22,4,"[{'id': 2, 'name': 'Cabernet Sauvignon', 'seo_name': 'cabernet-sauvignon', 'has_detailed_info': True, 'wines_count': 801751}, {'id': 5, 'name': 'Chardonnay', 'seo_name': 'chardonnay', 'has_detailed_info': True, 'wines_count': 604208}, {'id': 383, 'name': 'Lambrusco', 'seo_name': 'lambrusco', 'has_detailed_info': False, 'wines_count': 9964}]",USD,US Dollars,$,
qa,Qatar,قطر,qatar,0,4885,0,0,[],USD,US Dollars,$,
ro,Romania,România,romania,25,206648,8520,676,"[{'id': 2, 'name': 'Cabernet Sauvignon', 'seo_name': 'cabernet-sauvignon', 'has_detailed_info': True, 'wines_count': 801751}, {'id': 10, 'name': 'Merlot', 'seo_name': 'merlot', 'has_detailed_info': True, 'wines_count': 566719}, {'id': 326, 'name': 'Feteasca Neagra', 'seo_name': 'feteasca-neagra', 'has_detailed_info': False, 'wines_count': 6117}]",RON,Romanian New Lei,L,
ru,Russia,Россия,russia,18,3505325,6823,526,"[{'id': 2, 'name': 'Cabernet Sauvignon', 'seo_name': 'cabernet-sauvignon', 'has_detailed_info': True, 'wines_count': 801751}, {'id': 5, 'name': 'Chardonnay', 'seo_name': 'chardonnay', 'has_detailed_info': True, 'wines_count': 604208}, {'id': 10, 'name': 'Merlot', 'seo_name': 'merlot', 'has_detailed_info': True, 'wines_count': 566719}]",RUB,Russian Rouble,,₽
rw,Rwanda,Rwanda,rwanda,0,1233,4,1,[],USD,US Dollars,$,
re,Réunion,Réunion,reunion,0,9216,7,3,"[{'id': 2, 'name': 'Cabernet Sauvignon', 'seo_name': 'cabernet-sauvignon', 'has_detailed_info': True, 'wines_count': 801751}, {'id': 1, 'name': 'Shiraz/Syrah', 'seo_name': 'shiraz-syrah', 'has_detailed_info': True, 'wines_count': 551112}, {'id': 15, 'name': 'Riesling', 'seo_name': 'riesling', 'has_detailed_info': True, 'wines_count': 262136}]",USD,US Dollars,$,
gs,S. Georgia and S. Sandwich Isls.,S. Georgia and S. Sandwich Isls.,s-georgia-and-s-sandwich-isls,0,394,0,0,[],USD,US Dollars,$,
bl,Saint Barthélemy,Saint-Barthélemy,saint-barthelemy,0,355,0,0,[],USD,US Dollars,$,
kn,Saint Kitts and Nevis,Saint Kitts and Nevis,saint-kitts-and-nevis,0,1053,0,0,[],USD,US Dollars,$,
lc,Saint Lucia,Saint Lucia,saint-lucia,0,556,0,0,[],USD,US Dollars,$,
mf,Saint Martin (French part),Saint-Martin,saint-martin-(french-part),0,413,0,0,[],USD,US Dollars,$,
vc,Saint Vincent and the Grenadines,Saint Vincent and the Grenadines,saint-vincent-and-the-grenadines,0,279,0,0,[],USD,US Dollars,$,
ws,Samoa,Samoa,samoa,0,124,0,0,[],USD,US Dollars,$,
sm,San Marino,San Marino,san-marino,1,2926,70,6,"[{'id': 16, 'name': 'Sangiovese', 'seo_name': 'sangiovese', 'has_detailed_info': True, 'wines_count': 125094}, {'id': 5, 'name': 'Chardonnay', 'seo_name': 'chardonnay', 'has_detailed_info': True, 'wines_count': 604208}, {'id': 59, 'name': 'Moscato', 'seo_name': 'moscato', 'has_detailed_info': False, 'wines_count': 34267}]",EUR,Euros,€,
st,Sao Tome and Principe,São Tomé e Príncipe,sao-tome-and-principe,0,303,0,0,[],USD,US Dollars,$,
sa,Saudi Arabia,المملكة العربية السعودية,saudi-arabia,0,9098,0,0,[],SAR,Saudi Riyal,﷼,
sn,Senegal,Sénégal,senegal,0,2435,3,1,[],USD,US Dollars,$,
rs,Serbia,Србија,republic-of-serbia,27,44189,2516,364,"[{'id': 2, 'name': 'Cabernet Sauvignon', 'seo_name': 'cabernet-sauvignon', 'has_detailed_info': True, 'wines_count': 801751}, {'id': 10, 'name': 'Merlot', 'seo_name': 'merlot', 'has_detailed_info': True, 'wines_count': 566719}, {'id': 5, 'name': 'Chardonnay', 'seo_name': 'chardonnay', 'has_detailed_info': True, 'wines_count': 604208}]",RSD,Serbian Dinar,,din
sc,Seychelles,Sesel,seychelles,0,2705,0,0,[],USD,US Dollars,$,
sl,Sierra Leone,Sierra Leone,sierra-leone,0,256,0,0,[],USD,US Dollars,$,
sg,Singapore,Singapura,singapore,0,256588,11,4,"[{'id': 2, 'name': 'Cabernet Sauvignon', 'seo_name': 'cabernet-sauvignon', 'has_detailed_info': True, 'wines_count': 801751}, {'id': 10, 'name': 'Merlot', 'seo_name': 'merlot', 'has_detailed_info': True, 'wines_count': 566719}, {'id': 17, 'name': 'Sauvignon Blanc', 'seo_name': 'sauvignon-blanc', 'has_detailed_info': True, 'wines_count': 292440}]",SGD,Singapore Dollars,$,
sx,Sint Maarten (Dutch part),Sint Maarten,sint-maarten-(dutch-part),0,388,0,0,[],USD,US Dollars,$,
sk,Slovakia,Slovensko,slovak-republic,7,48457,7169,520,"[{'id': 2, 'name': 'Cabernet Sauvignon', 'seo_name': 'cabernet-sauvignon', 'has_detailed_info': True, 'wines_count': 801751}, {'id': 15, 'name': 'Riesling', 'seo_name': 'riesling', 'has_detailed_info': True, 'wines_count': 262136}, {'id': 221, 'name': 'Blaufränkisch', 'seo_name': 'blaufrankisch', 'has_detailed_info': False, 'wines_count': 20989}]",EUR,Euros,€,
si,Slovenia,Slovenija,slovenia,9,27917,6726,777,"[{'id': 5, 'name': 'Chardonnay', 'seo_name': 'chardonnay', 'has_detailed_info': True, 'wines_count': 604208}, {'id': 10, 'name': 'Merlot', 'seo_name': 'merlot', 'has_detailed_info': True, 'wines_count': 566719}, {'id': 17, 'name': 'Sauvignon Blanc', 'seo_name': 'sauvignon-blanc', 'has_detailed_info': True, 'wines_count': 292440}]",EUR,Euros,€,
sb,Solomon Islands,Solomon Islands,solomon-islands,0,100,0,0,[],USD,US Dollars,$,
so,Somalia,Soomaaliya,somalia,0,139,0,0,[],USD,US Dollars,$,
za,South Africa,South Africa,south-africa,110,252804,39373,4178,"[{'id': 2, 'name': 'Cabernet Sauvignon', 'seo_name': 'cabernet-sauvignon', 'has_detailed_info': True, 'wines_count': 801751}, {'id': 1, 'name': 'Shiraz/Syrah', 'seo_name': 'shiraz-syrah', 'has_detailed_info': True, 'wines_count': 551112}, {'id': 10, 'name': 'Merlot', 'seo_name': 'merlot', 'has_detailed_info': True, 'wines_count': 566719}]",ZAR,South African Rand,R,
ss,South Sudan,South Sudan,south-sudan,0,136,0,0,[],USD,US Dollars,$,
es,Spain,España,spain,152,2137869,137612,17917,"[{'id': 19, 'name': 'Tempranillo', 'seo_name': 'tempranillo', 'has_detailed_info': True, 'wines_count': 172842}, {'id': 142, 'name': 'Garnacha', 'seo_name': 'garnacha', 'has_detailed_info': True, 'wines_count': 58111}, {'id': 2, 'name': 'Cabernet Sauvignon', 'seo_name': 'cabernet-sauvignon', 'has_detailed_info': True, 'wines_count': 801751}]",EUR,Euros,€,
lk,Sri Lanka,ශ්‍රී ලංකාව,sri-lanka,0,5313,1,2,"[{'id': 1739, 'name': 'Moscatel', 'seo_name': 'moscatel', 'has_detailed_info': False, 'wines_count': 4146}]",USD,US Dollars,$,
sh,St. Helena,St. Helena,st-helena,0,67,0,0,[],USD,US Dollars,$,
pm,St. Pierre and Miquelon,Saint-Pierre et Miquelon,st-pierre-and-miquelon,0,351,0,0,[],EUR,Euros,€,
sd,Sudan,السودان,sudan,0,246,0,0,[],USD,US Dollars,$,
sr,Suriname,Suriname,suriname,0,823,0,0,[],USD,US Dollars,$,
sj,Svalbard and Jan Mayen,Svalbard,svalbard-and-jan-mayen-islands,0,155,0,0,[],NOK,Norwegian Kroner,, kr.
sz,Swaziland,eSwatini,swaziland,0,771,4,6,"[{'id': 14, 'name': 'Pinot Noir', 'seo_name': 'pinot-noir', 'has_detailed_info': True, 'wines_count': 572334}, {'id': 675, 'name': 'Blauburgunder', 'seo_name': 'blauburgunder', 'has_detailed_info': False, 'wines_count': 5015}]",USD,US Dollars,$,
se,Sweden,Sverige,sweden,2,843256,559,82,"[{'id': 658, 'name': 'Solaris', 'seo_name': 'solaris', 'has_detailed_info': False, 'wines_count': 4742}, {'id': 2, 'name': 'Cabernet Sauvignon', 'seo_name': 'cabernet-sauvignon', 'has_detailed_info': True, 'wines_count': 801751}, {'id': 5, 'name': 'Chardonnay', 'seo_name': 'chardonnay', 'has_detailed_info': True, 'wines_count': 604208}]",SEK,Swedish Kronar,, kr.
ch,Switzerland,Schweiz,switzerland,72,1509303,41742,3849,"[{'id': 14, 'name': 'Pinot Noir', 'seo_name': 'pinot-noir', 'has_detailed_info': True, 'wines_count': 572334}, {'id': 10, 'name': 'Merlot', 'seo_name': 'merlot', 'has_detailed_info': True, 'wines_count': 566719}, {'id': 224, 'name': 'Chasselas', 'seo_name': 'chasselas', 'has_detailed_info': False, 'wines_count': 13154}]",CHF,Swiss Francs,, fr.
sy,Syria,سورية,syria,1,592,9,5,"[{'id': 1, 'name': 'Shiraz/Syrah', 'seo_name': 'shiraz-syrah', 'has_detailed_info': True, 'wines_count': 551112}, {'id': 2, 'name': 'Cabernet Sauvignon', 'seo_name': 'cabernet-sauvignon', 'has_detailed_info': True, 'wines_count': 801751}, {'id': 10, 'name': 'Merlot', 'seo_name': 'merlot', 'has_detailed_info': True, 'wines_count': 566719}]",USD,US Dollars,$,
tw,Taiwan,中華民國,taiwan,0,530166,123,23,"[{'id': 765, 'name': 'Black Queen', 'seo_name': 'black-queen', 'has_detailed_info': False, 'wines_count': 636}, {'id': 2, 'name': 'Cabernet Sauvignon', 'seo_name': 'cabernet-sauvignon', 'has_detailed_info': True, 'wines_count': 801751}, {'id': 1019, 'name': 'Golden Muscat', 'seo_name': 'golden-muscat', 'has_detailed_info': False, 'wines_count': 634}]",TWD,Taiwan Dollars,$,
tj,Tajikistan,Тоҷикистон,tajikistan,0,535,6,1,"[{'id': 2, 'name': 'Cabernet Sauvignon', 'seo_name': 'cabernet-sauvignon', 'has_detailed_info': True, 'wines_count': 801751}, {'id': 371, 'name': 'Isabella', 'seo_name': 'isabella', 'has_detailed_info': False, 'wines_count': 1622}, {'id': 10, 'name': 'Merlot', 'seo_name': 'merlot', 'has_detailed_info': True, 'wines_count': 566719}]",USD,US Dollars,$,
tz,Tanzania,Tanzania,tanzania,0,2753,32,7,"[{'id': 1, 'name': 'Shiraz/Syrah', 'seo_name': 'shiraz-syrah', 'has_detailed_info': True, 'wines_count': 551112}, {'id': 97, 'name': 'Aglianico', 'seo_name': 'aglianico', 'has_detailed_info': False, 'wines_count': 14951}, {'id': 35, 'name': 'Teroldego', 'seo_name': 'teroldego', 'has_detailed_info': False, 'wines_count': 3602}]",USD,US Dollars,$,
th,Thailand,"เมืองไทย, ประเทศไทย, ราชอาณาจักรไทย",thailand,7,168725,285,44,"[{'id': 1, 'name': 'Shiraz/Syrah', 'seo_name': 'shiraz-syrah', 'has_detailed_info': True, 'wines_count': 551112}, {'id': 52, 'name': 'Colombard', 'seo_name': 'colombard', 'has_detailed_info': False, 'wines_count': 9548}, {'id': 6, 'name': 'Chenin Blanc', 'seo_name': 'chenin-blanc', 'has_detailed_info': True, 'wines_count': 58427}]",THB,Thai Baht,฿,
tg,Togo,Togo,togo,0,1538,0,0,[],USD,US Dollars,$,
tk,Tokelau,Tokelau,tokelau,0,275,0,0,[],NZD,New Zealand Dollars,$,
to,Tonga,Tonga,tonga,0,58,0,0,[],USD,US Dollars,$,
tt,Trinidad and Tobago,Trinidad and Tobago,trinidad-and-tobago,0,3802,2,2,"[{'id': 17, 'name': 'Sauvignon Blanc', 'seo_name': 'sauvignon-blanc', 'has_detailed_info': True, 'wines_count': 292440}]",USD,US Dollars,$,
tn,Tunisia,تونس,tunisia,9,3991,452,49,"[{'id': 1, 'name': 'Shiraz/Syrah', 'seo_name': 'shiraz-syrah', 'has_detailed_info': True, 'wines_count': 551112}, {'id': 41, 'name': 'Carignan', 'seo_name': 'carignane', 'has_detailed_info': True, 'wines_count': 59630}, {'id': 5, 'name': 'Chardonnay', 'seo_name': 'chardonnay', 'has_detailed_info': True, 'wines_count': 604208}]",USD,US Dollars,$,
tr,Turkey,Türkiye,turkey,17,144330,3499,241,"[{'id': 2, 'name': 'Cabernet Sauvignon', 'seo_name': 'cabernet-sauvignon', 'has_detailed_info': True, 'wines_count': 801751}, {'id': 1, 'name': 'Shiraz/Syrah', 'seo_name': 'shiraz-syrah', 'has_detailed_info': True, 'wines_count': 551112}, {'id': 10, 'name': 'Merlot', 'seo_name': 'merlot', 'has_detailed_info': True, 'wines_count': 566719}]",TRY,Turkish New Lira,₺,
tm,Turkmenistan,Türkmenistan,turkmenistan,0,413,0,0,[],USD,US Dollars,$,
tc,Turks and Caicos Islands,Turks and Caicos Islands,turks-and-caicos-islands,0,885,0,0,[],USD,US Dollars,$,
tv,Tuvalu,Tuvalu,tuvalu,0,107,0,0,[],AUD,Australian Dollars,$,
ug,Uganda,Uganda,uganda,0,1487,3,2,"[{'id': 21, 'name': 'Zinfandel', 'seo_name': 'zinfandel', 'has_detailed_info': True, 'wines_count': 67990}]",USD,US Dollars,$,
ua,Ukraine,Україна,ukraine,5,350217,4091,250,"[{'id': 2, 'name': 'Cabernet Sauvignon', 'seo_name': 'cabernet-sauvignon', 'has_detailed_info': True, 'wines_count': 801751}, {'id': 5, 'name': 'Chardonnay', 'seo_name': 'chardonnay', 'has_detailed_info': True, 'wines_count': 604208}, {'id': 10, 'name': 'Merlot', 'seo_name': 'merlot', 'has_detailed_info': True, 'wines_count': 566719}]",UAH,Ukrainian Hryvna,₴,
ae,United Arab Emirates,الإمارات العربيّة المتّحدة,united-arab-emirates,0,83563,1,1,"[{'id': 1, 'name': 'Shiraz/Syrah', 'seo_name': 'shiraz-syrah', 'has_detailed_info': True, 'wines_count': 551112}]",USD,US Dollars,$,
gb,United Kingdom,United Kingdom,united-kingdom,21,2854627,3689,591,"[{'id': 14, 'name': 'Pinot Noir', 'seo_name': 'pinot-noir', 'has_detailed_info': True, 'wines_count': 572334}, {'id': 5, 'name': 'Chardonnay', 'seo_name': 'chardonnay', 'has_detailed_info': True, 'wines_count': 604208}, {'id': 110, 'name': 'Pinot Meunier', 'seo_name': 'pinot-meunier', 'has_detailed_info': False, 'wines_count': 37424}]",GBP,British Pounds,£,
us,United States,United States,united-states,361,11662390,255379,27865,"[{'id': 2, 'name': 'Cabernet Sauvignon', 'seo_name': 'cabernet-sauvignon', 'has_detailed_info': True, 'wines_count': 801751}, {'id': 14, 'name': 'Pinot Noir', 'seo_name': 'pinot-noir', 'has_detailed_info': True, 'wines_count': 572334}, {'id': 5, 'name': 'Chardonnay', 'seo_name': 'chardonnay', 'has_detailed_info': True, 'wines_count': 604208}]",USD,US Dollars,$,
um,United States Minor Outlying Islands,United States Minor Outlying Islands,us-minor-islands,0,909,0,0,[],USD,US Dollars,$,
uy,Uruguay,Uruguay,uruguay,16,34237,4144,334,"[{'id': 48, 'name': 'Tannat', 'seo_name': 'tannat', 'has_detailed_info': False, 'wines_count': 30107}, {'id': 2, 'name': 'Cabernet Sauvignon', 'seo_name': 'cabernet-sauvignon', 'has_detailed_info': True, 'wines_count': 801751}, {'id': 10, 'name': 'Merlot', 'seo_name': 'merlot', 'has_detailed_info': True, 'wines_count': 566719}]",UYU,Uruguay Peso,$U,
uz,Uzbekistan,Ўзбекистон,uzbekistan,9,3672,176,16,"[{'id': 2, 'name': 'Cabernet Sauvignon', 'seo_name': 'cabernet-sauvignon', 'has_detailed_info': True, 'wines_count': 801751}, {'id': 14, 'name': 'Pinot Noir', 'seo_name': 'pinot-noir', 'has_detailed_info': True, 'wines_count': 572334}, {'id': 248, 'name': 'Rkatsiteli', 'seo_name': 'rkatsiteli', 'has_detailed_info': False, 'wines_count': 8494}]",USD,US Dollars,$,
vu,Vanuatu,Vanuatu,vanuatu,0,282,0,0,[],USD,US Dollars,$,
ve,Venezuela,Venezuela,venezuela,1,35462,43,2,"[{'id': 38, 'name': 'Palomino', 'seo_name': 'palomino', 'has_detailed_info': False, 'wines_count': 7694}, {'id': 8, 'name': 'Grenache', 'seo_name': 'grenache-noir', 'has_detailed_info': True, 'wines_count': 240002}, {'id': 83, 'name': 'Macabeo', 'seo_name': 'macabeo', 'has_detailed_info': False, 'wines_count': 27063}]",VEF,Venezulean Bolivar,Bs,
vn,Viet Nam,Việt Nam,viet-nam,2,68836,98,12,[],USD,US Dollars,$,
vg,Virgin Islands (British),British Virgin Islands,virgin-islands-british,0,2621,0,0,[],USD,US Dollars,$,
vi,Virgin Islands (U.S.),United States Virgin Islands,virgin-islands-us,0,2164,0,0,[],USD,US Dollars,$,
wf,Wallis and Futuna,Wallis-et-Futuna,wallis-and-futuna-islands,0,163,0,0,[],USD,US Dollars,$,
eh,Western Sahara,الصحراء الغربية‎,western-sahara,0,169,0,0,[],USD,US Dollars,$,
we,Westeros,Westeros,westeros,11,3366,19,3,"[{'id': 15, 'name': 'Riesling', 'seo_name': 'riesling', 'has_detailed_info': True, 'wines_count': 262136}, {'id': 2, 'name': 'Cabernet Sauvignon', 'seo_name': 'cabernet-sauvignon', 'has_detailed_info': True, 'wines_count': 801751}, {'id': 5, 'name': 'Chardonnay', 'seo_name': 'chardonnay', 'has_detailed_info': True, 'wines_count': 604208}]",EUR,Euros,€,
ye,Yemen,اليمن,yemen,0,436,0,0,[],USD,US Dollars,$,
zm,Zambia,Zambia,zambia,0,2344,9,2,"[{'id': 17, 'name': 'Sauvignon Blanc', 'seo_name': 'sauvignon-blanc', 'has_detailed_info': True, 'wines_count': 292440}, {'id': 2, 'name': 'Cabernet Sauvignon', 'seo_name': 'cabernet-sauvignon', 'has_detailed_info': True, 'wines_count': 801751}, {'id': 10, 'name': 'Merlot', 'seo_name': 'merlot', 'has_detailed_info': True, 'wines_count': 566719}]",USD,US Dollars,$,
zw,Zimbabwe,Zimbabwe,zimbabwe,0,2878,23,2,"[{'id': 10, 'name': 'Merlot', 'seo_name': 'merlot', 'has_detailed_info': True, 'wines_count': 566719}, {'id': 5, 'name': 'Chardonnay', 'seo_name': 'chardonnay', 'has_detailed_info': True, 'wines_count': 604208}, {'id': 2, 'name': 'Cabernet Sauvignon', 'seo_name': 'cabernet-sauvignon', 'has_detailed_info': True, 'wines_count': 801751}]",USD,US Dollars,$,
ax,Åland Islands,Åland,aland-islands,0,2301,0,0,[],USD,US Dollars,$,
